timestamp_utc,open,high,low,close,volume
2019-12-12T14:31:00+00:00,11713.5,11716.0,11709.0,11712.75,0
2019-12-12T14:32:00+00:00,11712.25,11717.5,11707.75,11717.25,0
2019-12-12T14:33:00+00:00,11717.75,11723.75,11710.0,11710.75,0
2019-12-12T14:34:00+00:00,11711.25,11711.5,11706.5,11706.5,0
2019-12-12T14:35:00+00:00,11706.5,11710.5,11703.0,11709.5,0
2019-12-12T14:36:00+00:00,11710.25,11728.5,11702.75,11727.75,0
2019-12-12T14:37:00+00:00,11728.0,11746.0,11724.75,11741.25,0
2019-12-12T14:38:00+00:00,11741.25,11751.5,11741.0,11744.5,0
2019-12-12T14:39:00+00:00,11744.0,11767.5,11743.25,11767.5,0
2019-12-12T14:40:00+00:00,11767.5,11785.25,11766.25,11777.25,0
2019-12-12T14:41:00+00:00,11777.75,11782.0,11770.5,11770.5,0
2019-12-12T14:42:00+00:00,11771.0,11771.5,11762.75,11763.5,0
2019-12-12T14:43:00+00:00,11764.75,11771.25,11759.25,11766.0,0
2019-12-12T14:44:00+00:00,11766.0,11769.5,11763.0,11767.75,0
2019-12-12T14:45:00+00:00,11767.25,11774.25,11767.25,11769.75,0
2019-12-12T14:46:00+00:00,11770.5,11776.0,11766.5,11766.5,0
2019-12-12T14:47:00+00:00,11766.75,11768.0,11762.5,11762.5,0
2019-12-12T14:48:00+00:00,11764.25,11772.75,11764.25,11766.75,0
2019-12-12T14:49:00+00:00,11766.75,11769.0,11764.25,11767.75,0
2019-12-12T14:50:00+00:00,11767.0,11770.25,11767.0,11769.25,0
2019-12-12T14:51:00+00:00,11768.75,11774.5,11768.5,11771.75,0
2019-12-12T14:52:00+00:00,11772.0,11775.5,11771.0,11775.25,0
2019-12-12T14:53:00+00:00,11775.75,11778.5,11774.0,11774.75,0
2019-12-12T14:54:00+00:00,11773.75,11778.75,11773.25,11776.25,0
2019-12-12T14:55:00+00:00,11775.75,11778.25,11772.75,11777.75,0
2019-12-12T14:56:00+00:00,11778.0,11781.25,11773.5,11775.75,0
2019-12-12T14:57:00+00:00,11775.25,11779.25,11774.5,11777.0,0
2019-12-12T14:58:00+00:00,11776.5,11779.75,11773.25,11778.75,0
2019-12-12T14:59:00+00:00,11779.25,11780.75,11777.75,11780.0,0
2019-12-12T15:00:00+00:00,11780.0,11785.75,11780.0,11785.5,0
2019-12-12T15:01:00+00:00,11785.75,11796.0,11785.75,11794.75,0
2019-12-12T15:02:00+00:00,11795.0,11803.0,11794.0,11801.0,0
2019-12-12T15:03:00+00:00,11802.0,11802.0,11793.5,11797.5,0
2019-12-12T15:04:00+00:00,11798.0,11810.0,11796.5,11809.25,0
2019-12-12T15:05:00+00:00,11809.75,11810.0,11793.0,11807.25,0
2019-12-12T15:06:00+00:00,11805.75,11813.75,11800.25,11809.75,0
2019-12-12T15:07:00+00:00,11810.75,11811.0,11796.75,11800.25,0
2019-12-12T15:08:00+00:00,11800.75,11803.75,11795.75,11799.5,0
2019-12-12T15:09:00+00:00,11799.5,11805.5,11799.0,11802.0,0
2019-12-12T15:10:00+00:00,11803.5,11807.75,11801.5,11801.5,0
2019-12-12T15:11:00+00:00,11802.5,11807.5,11802.5,11807.0,0
2019-12-12T15:12:00+00:00,11807.75,11808.0,11800.25,11800.5,0
2019-12-12T15:13:00+00:00,11801.5,11804.0,11800.0,11802.0,0
2019-12-12T15:14:00+00:00,11802.25,11807.5,11802.25,11805.0,0
2019-12-12T15:15:00+00:00,11805.5,11817.0,11805.5,11808.75,0
2019-12-12T15:16:00+00:00,11808.75,11811.0,11804.75,11807.5,0
2019-12-12T15:17:00+00:00,11806.0,11807.75,11805.0,11805.75,0
2019-12-12T15:18:00+00:00,11806.25,11810.25,11805.75,11808.5,0
2019-12-12T15:19:00+00:00,11809.5,11811.25,11806.75,11809.75,0
2019-12-12T15:20:00+00:00,11810.0,11811.25,11807.25,11810.5,0
2019-12-12T15:21:00+00:00,11811.0,11819.0,11810.75,11817.75,0
2019-12-12T15:22:00+00:00,11816.25,11817.75,11813.0,11813.5,0
2019-12-12T15:23:00+00:00,11813.25,11817.0,11813.25,11816.0,0
2019-12-12T15:24:00+00:00,11815.25,11816.25,11810.75,11810.75,0
2019-12-12T15:25:00+00:00,11811.75,11815.5,11811.75,11815.25,0
2019-12-12T15:26:00+00:00,11815.75,11816.0,11811.75,11813.0,0
2019-12-12T15:27:00+00:00,11813.0,11814.25,11810.75,11811.0,0
2019-12-12T15:28:00+00:00,11811.25,11811.75,11809.75,11811.25,0
2019-12-12T15:29:00+00:00,11811.25,11813.5,11810.75,11811.75,0
2019-12-12T15:30:00+00:00,11812.25,11815.25,11811.75,11815.0,0
2019-12-12T15:31:00+00:00,11815.5,11816.5,11812.0,11813.5,0
2019-12-12T15:32:00+00:00,11813.0,11814.0,11811.0,11811.5,0
2019-12-12T15:33:00+00:00,11811.0,11811.75,11808.5,11808.5,0
2019-12-12T15:34:00+00:00,11809.25,11810.25,11806.25,11807.25,0
2019-12-12T15:35:00+00:00,11808.5,11811.5,11808.0,11808.0,0
2019-12-12T15:36:00+00:00,11808.0,11810.75,11807.75,11808.75,0
2019-12-12T15:37:00+00:00,11809.0,11810.0,11807.25,11807.25,0
2019-12-12T15:38:00+00:00,11807.5,11808.5,11806.25,11806.25,0
2019-12-12T15:39:00+00:00,11806.5,11807.25,11805.75,11807.25,0
2019-12-12T15:40:00+00:00,11807.25,11808.75,11805.5,11806.25,0
2019-12-12T15:41:00+00:00,11806.5,11807.5,11802.5,11802.5,0
2019-12-12T15:42:00+00:00,11803.75,11804.0,11801.5,11803.5,0
2019-12-12T15:43:00+00:00,11803.25,11803.5,11798.25,11799.0,0
2019-12-12T15:44:00+00:00,11798.75,11799.25,11793.0,11794.5,0
2019-12-12T15:45:00+00:00,11795.25,11795.25,11791.25,11791.25,0
2019-12-12T15:46:00+00:00,11791.0,11795.5,11789.75,11789.75,0
2019-12-12T15:47:00+00:00,11789.25,11793.25,11789.25,11790.0,0
2019-12-12T15:48:00+00:00,11790.5,11791.5,11788.0,11791.0,0
2019-12-12T15:49:00+00:00,11791.0,11792.0,11787.0,11787.75,0
2019-12-12T15:50:00+00:00,11789.5,11791.25,11789.5,11790.5,0
2019-12-12T15:51:00+00:00,11791.25,11793.25,11791.25,11792.25,0
2019-12-12T15:52:00+00:00,11793.5,11794.75,11793.25,11794.75,0
2019-12-12T15:53:00+00:00,11795.5,11797.5,11794.5,11797.25,0
2019-12-12T15:54:00+00:00,11796.5,11799.0,11795.75,11799.0,0
2019-12-12T15:55:00+00:00,11799.0,11801.0,11798.5,11800.75,0
2019-12-12T15:56:00+00:00,11801.5,11808.25,11801.25,11806.0,0
2019-12-12T15:57:00+00:00,11806.5,11806.5,11801.25,11803.25,0
2019-12-12T15:58:00+00:00,11802.25,11802.75,11801.25,11801.25,0
2019-12-12T15:59:00+00:00,11801.25,11802.75,11800.0,11802.25,0
2019-12-12T16:00:00+00:00,11802.0,11802.75,11800.5,11802.25,0
2019-12-12T16:01:00+00:00,11803.0,11804.0,11797.5,11799.75,0
2019-12-12T16:02:00+00:00,11800.25,11802.0,11797.25,11800.75,0
2019-12-12T16:03:00+00:00,11801.75,11802.5,11794.5,11794.75,0
2019-12-12T16:04:00+00:00,11795.25,11797.0,11794.0,11794.25,0
2019-12-12T16:05:00+00:00,11793.75,11794.5,11792.75,11794.0,0
2019-12-12T16:06:00+00:00,11792.75,11796.5,11792.25,11794.0,0
2019-12-12T16:07:00+00:00,11794.75,11796.75,11793.75,11795.75,0
2019-12-12T16:08:00+00:00,11794.75,11795.25,11790.25,11794.5,0
2019-12-12T16:09:00+00:00,11795.75,11795.75,11794.25,11794.75,0
2019-12-12T16:10:00+00:00,11794.0,11794.25,11789.5,11790.25,0
2019-12-12T16:11:00+00:00,11790.0,11792.75,11788.75,11792.75,0
2019-12-12T16:12:00+00:00,11791.5,11791.5,11788.0,11791.5,0
2019-12-12T16:13:00+00:00,11790.75,11790.75,11785.75,11786.0,0
2019-12-12T16:14:00+00:00,11785.75,11786.25,11783.25,11783.5,0
2019-12-12T16:15:00+00:00,11784.25,11785.0,11782.0,11785.0,0
2019-12-12T16:16:00+00:00,11785.75,11785.75,11782.5,11783.5,0
2019-12-12T16:17:00+00:00,11783.5,11785.5,11780.75,11785.5,0
2019-12-12T16:18:00+00:00,11785.5,11786.75,11784.0,11785.0,0
2019-12-12T16:19:00+00:00,11785.5,11785.5,11782.75,11784.0,0
2019-12-12T16:20:00+00:00,11782.75,11784.0,11781.75,11782.75,0
2019-12-12T16:21:00+00:00,11783.25,11783.25,11777.25,11778.25,0
2019-12-12T16:22:00+00:00,11777.0,11779.0,11774.0,11776.5,0
2019-12-12T16:23:00+00:00,11776.5,11777.5,11775.5,11776.0,0
2019-12-12T16:24:00+00:00,11775.5,11775.5,11772.25,11774.25,0
2019-12-12T16:25:00+00:00,11772.75,11774.75,11771.25,11772.5,0
2019-12-12T16:26:00+00:00,11771.75,11772.75,11770.0,11770.0,0
2019-12-12T16:27:00+00:00,11770.0,11770.0,11766.0,11768.25,0
2019-12-12T16:28:00+00:00,11768.25,11768.25,11763.5,11764.75,0
2019-12-12T16:29:00+00:00,11764.25,11764.25,11761.75,11763.5,0
2019-12-12T16:30:00+00:00,11763.25,11763.5,11759.0,11759.0,0
2019-12-12T16:31:00+00:00,11759.0,11763.25,11756.25,11762.25,0
2019-12-12T16:32:00+00:00,11762.25,11765.75,11762.25,11765.75,0
2019-12-12T16:33:00+00:00,11766.0,11768.75,11765.25,11768.0,0
2019-12-12T16:34:00+00:00,11768.0,11768.75,11763.25,11764.0,0
2019-12-12T16:35:00+00:00,11763.5,11764.5,11759.0,11759.0,0
2019-12-12T16:36:00+00:00,11759.0,11759.75,11755.75,11759.25,0
2019-12-12T16:37:00+00:00,11759.75,11763.0,11759.75,11761.75,0
2019-12-12T16:38:00+00:00,11762.75,11766.75,11762.75,11766.75,0
2019-12-12T16:39:00+00:00,11766.25,11768.0,11764.0,11767.0,0
2019-12-12T16:40:00+00:00,11766.25,11766.25,11763.25,11763.25,0
2019-12-12T16:41:00+00:00,11763.0,11763.0,11756.0,11758.75,0
2019-12-12T16:42:00+00:00,11757.75,11758.75,11753.0,11754.25,0
2019-12-12T16:43:00+00:00,11754.0,11759.75,11752.75,11758.25,0
2019-12-12T16:44:00+00:00,11758.25,11759.25,11756.25,11756.25,0
2019-12-12T16:45:00+00:00,11756.25,11760.5,11756.25,11759.0,0
2019-12-12T16:46:00+00:00,11758.5,11760.5,11757.0,11758.25,0
2019-12-12T16:47:00+00:00,11759.75,11764.25,11759.75,11762.25,0
2019-12-12T16:48:00+00:00,11761.75,11765.5,11761.5,11762.75,0
2019-12-12T16:49:00+00:00,11762.0,11763.25,11761.25,11763.25,0
2019-12-12T16:50:00+00:00,11763.25,11764.25,11761.25,11761.25,0
2019-12-12T16:51:00+00:00,11761.0,11763.25,11754.25,11762.5,0
2019-12-12T16:52:00+00:00,11762.25,11766.0,11762.25,11765.0,0
2019-12-12T16:53:00+00:00,11764.25,11764.5,11762.75,11764.5,0
2019-12-12T16:54:00+00:00,11764.25,11764.25,11761.75,11763.25,0
2019-12-12T16:55:00+00:00,11762.25,11762.25,11756.0,11756.0,0
2019-12-12T16:56:00+00:00,11756.25,11756.25,11739.0,11749.25,0
2019-12-12T16:57:00+00:00,11750.0,11757.25,11749.0,11754.75,0
2019-12-12T16:58:00+00:00,11754.75,11756.0,11749.75,11750.25,0
2019-12-12T16:59:00+00:00,11752.25,11756.0,11749.5,11754.75,0
2019-12-12T17:00:00+00:00,11755.0,11755.5,11753.5,11754.25,0
2019-12-12T17:01:00+00:00,11753.75,11754.5,11751.25,11754.25,0
2019-12-12T17:02:00+00:00,11754.0,11754.0,11749.75,11751.0,0
2019-12-12T17:03:00+00:00,11750.25,11752.0,11748.75,11749.75,0
2019-12-12T17:04:00+00:00,11748.5,11749.25,11747.0,11747.75,0
2019-12-12T17:05:00+00:00,11748.75,11749.25,11744.25,11745.25,0
2019-12-12T17:06:00+00:00,11746.25,11747.5,11744.0,11747.25,0
2019-12-12T17:07:00+00:00,11746.75,11748.5,11746.75,11746.75,0
2019-12-12T17:08:00+00:00,11746.25,11753.0,11746.0,11751.25,0
2019-12-12T17:09:00+00:00,11751.75,11752.75,11751.0,11752.0,0
2019-12-12T17:10:00+00:00,11751.5,11754.0,11751.0,11753.5,0
2019-12-12T17:11:00+00:00,11753.75,11754.0,11747.5,11749.25,0
2019-12-12T17:12:00+00:00,11750.75,11751.0,11748.75,11750.25,0
2019-12-12T17:13:00+00:00,11750.0,11750.75,11745.0,11746.25,0
2019-12-12T17:14:00+00:00,11745.5,11747.75,11744.0,11746.75,0
2019-12-12T17:15:00+00:00,11746.25,11747.5,11744.5,11745.5,0
2019-12-12T17:16:00+00:00,11745.25,11749.5,11744.0,11748.75,0
2019-12-12T17:17:00+00:00,11748.25,11749.0,11744.0,11744.75,0
2019-12-12T17:18:00+00:00,11745.25,11747.0,11743.0,11744.0,0
2019-12-12T17:19:00+00:00,11744.5,11744.75,11735.5,11737.5,0
2019-12-12T17:20:00+00:00,11737.75,11741.75,11737.75,11740.25,0
2019-12-12T17:21:00+00:00,11740.25,11740.5,11737.25,11739.75,0
2019-12-12T17:22:00+00:00,11740.25,11740.25,11738.75,11739.25,0
2019-12-12T17:23:00+00:00,11738.75,11739.5,11733.5,11734.5,0
2019-12-12T17:24:00+00:00,11733.0,11733.25,11725.25,11725.5,0
2019-12-12T17:25:00+00:00,11724.75,11729.25,11724.75,11727.25,0
2019-12-12T17:26:00+00:00,11727.0,11730.5,11727.0,11729.0,0
2019-12-12T17:27:00+00:00,11728.25,11732.0,11727.75,11731.5,0
2019-12-12T17:28:00+00:00,11730.75,11733.0,11730.5,11732.5,0
2019-12-12T17:29:00+00:00,11732.5,11732.75,11728.75,11730.0,0
2019-12-12T17:30:00+00:00,11729.0,11734.5,11726.0,11734.5,0
2019-12-12T17:31:00+00:00,11734.5,11743.5,11733.0,11741.5,0
2019-12-12T17:32:00+00:00,11741.25,11743.25,11740.25,11743.25,0
2019-12-12T17:33:00+00:00,11743.25,11746.5,11742.25,11746.25,0
2019-12-12T17:34:00+00:00,11746.5,11749.0,11745.25,11748.75,0
2019-12-12T17:35:00+00:00,11748.5,11749.25,11745.75,11745.75,0
2019-12-12T17:36:00+00:00,11746.25,11749.0,11745.25,11748.5,0
2019-12-12T17:37:00+00:00,11748.0,11754.0,11748.0,11754.0,0
2019-12-12T17:38:00+00:00,11754.75,11755.75,11752.25,11754.75,0
2019-12-12T17:39:00+00:00,11754.5,11755.25,11754.0,11754.75,0
2019-12-12T17:40:00+00:00,11754.75,11755.25,11752.25,11752.75,0
2019-12-12T17:41:00+00:00,11754.25,11756.25,11751.75,11756.25,0
2019-12-12T17:42:00+00:00,11755.75,11755.75,11753.0,11753.0,0
2019-12-12T17:43:00+00:00,11753.0,11754.5,11752.25,11752.5,0
2019-12-12T17:44:00+00:00,11752.5,11754.25,11752.5,11753.5,0
2019-12-12T17:45:00+00:00,11753.5,11754.0,11752.75,11753.75,0
2019-12-12T17:46:00+00:00,11753.25,11756.5,11753.0,11753.0,0
2019-12-12T17:47:00+00:00,11753.25,11757.25,11753.25,11756.25,0
2019-12-12T17:48:00+00:00,11756.25,11757.5,11754.5,11755.25,0
2019-12-12T17:49:00+00:00,11755.75,11758.5,11755.75,11758.5,0
2019-12-12T17:50:00+00:00,11758.25,11758.5,11756.5,11756.75,0
2019-12-12T17:51:00+00:00,11757.5,11758.5,11757.25,11757.5,0
2019-12-12T17:52:00+00:00,11757.75,11757.75,11755.5,11755.5,0
2019-12-12T17:53:00+00:00,11756.75,11757.75,11753.25,11753.5,0
2019-12-12T17:54:00+00:00,11753.5,11755.25,11753.0,11754.5,0
2019-12-12T17:55:00+00:00,11755.75,11756.0,11753.5,11753.75,0
2019-12-12T17:56:00+00:00,11754.5,11755.75,11754.5,11755.25,0
2019-12-12T17:57:00+00:00,11754.25,11756.0,11754.25,11755.5,0
2019-12-12T17:58:00+00:00,11755.5,11755.5,11753.75,11754.75,0
2019-12-12T17:59:00+00:00,11755.75,11756.25,11754.0,11754.25,0
2019-12-12T18:00:00+00:00,11753.75,11753.75,11748.0,11749.75,0
2019-12-12T18:01:00+00:00,11749.25,11755.0,11749.0,11754.5,0
2019-12-12T18:02:00+00:00,11755.5,11755.5,11748.75,11749.75,0
2019-12-12T18:03:00+00:00,11750.25,11760.25,11750.25,11755.75,0
2019-12-12T18:04:00+00:00,11756.75,11760.75,11756.25,11758.25,0
2019-12-12T18:05:00+00:00,11758.5,11763.25,11756.75,11761.25,0
2019-12-12T18:06:00+00:00,11761.0,11768.0,11759.5,11765.25,0
2019-12-12T18:07:00+00:00,11764.25,11764.5,11762.5,11762.75,0
2019-12-12T18:08:00+00:00,11764.0,11765.25,11763.5,11763.75,0
2019-12-12T18:09:00+00:00,11764.25,11765.0,11764.0,11764.25,0
2019-12-12T18:10:00+00:00,11764.0,11764.0,11760.75,11761.5,0
2019-12-12T18:11:00+00:00,11762.0,11764.0,11762.0,11763.5,0
2019-12-12T18:12:00+00:00,11762.0,11764.5,11760.75,11764.0,0
2019-12-12T18:13:00+00:00,11764.75,11765.75,11764.25,11765.75,0
2019-12-12T18:14:00+00:00,11766.0,11766.25,11764.25,11766.25,0
2019-12-12T18:15:00+00:00,11766.75,11767.5,11765.75,11765.75,0
2019-12-12T18:16:00+00:00,11766.0,11766.75,11765.75,11765.75,0
2019-12-12T18:17:00+00:00,11765.75,11766.25,11764.25,11766.25,0
2019-12-12T18:18:00+00:00,11766.0,11767.0,11766.0,11766.25,0
2019-12-12T18:19:00+00:00,11765.75,11766.5,11763.5,11763.5,0
2019-12-12T18:20:00+00:00,11764.75,11766.25,11764.5,11766.25,0
2019-12-12T18:21:00+00:00,11767.75,11768.25,11763.75,11764.5,0
2019-12-12T18:22:00+00:00,11764.25,11764.5,11762.5,11762.5,0
2019-12-12T18:23:00+00:00,11763.25,11764.5,11763.25,11763.75,0
2019-12-12T18:24:00+00:00,11764.0,11764.0,11762.25,11762.25,0
2019-12-12T18:25:00+00:00,11762.75,11763.75,11762.25,11763.5,0
2019-12-12T18:26:00+00:00,11762.25,11762.5,11761.5,11762.5,0
2019-12-12T18:27:00+00:00,11763.75,11765.25,11761.25,11762.75,0
2019-12-12T18:28:00+00:00,11763.75,11763.75,11761.25,11761.25,0
2019-12-12T18:29:00+00:00,11761.25,11761.25,11759.25,11761.25,0
2019-12-12T18:30:00+00:00,11762.0,11764.25,11762.0,11762.75,0
2019-12-12T18:31:00+00:00,11764.0,11764.75,11763.25,11763.25,0
2019-12-12T18:32:00+00:00,11762.75,11763.0,11761.5,11762.25,0
2019-12-12T18:33:00+00:00,11762.5,11763.75,11762.5,11762.75,0
2019-12-12T18:34:00+00:00,11761.0,11762.5,11761.0,11762.5,0
2019-12-12T18:35:00+00:00,11761.75,11761.75,11761.75,11761.75,0
2019-12-12T18:36:00+00:00,11763.0,11763.0,11758.5,11759.0,0
2019-12-12T18:37:00+00:00,11759.0,11759.25,11758.25,11758.25,0
2019-12-12T18:38:00+00:00,11758.5,11758.75,11756.75,11758.25,0
2019-12-12T18:39:00+00:00,11757.25,11757.25,11756.5,11756.5,0
2019-12-12T18:40:00+00:00,11756.25,11757.75,11755.75,11757.75,0
2019-12-12T18:41:00+00:00,11757.5,11759.25,11757.5,11759.25,0
2019-12-12T18:42:00+00:00,11759.0,11760.5,11758.75,11758.75,0
2019-12-12T18:43:00+00:00,11758.75,11759.25,11758.0,11759.25,0
2019-12-12T18:44:00+00:00,11759.0,11759.0,11756.5,11757.25,0
2019-12-12T18:45:00+00:00,11757.0,11757.5,11756.75,11757.5,0
2019-12-12T18:46:00+00:00,11757.5,11759.25,11756.75,11758.25,0
2019-12-12T18:47:00+00:00,11758.25,11759.0,11756.25,11756.25,0
2019-12-12T18:48:00+00:00,11756.75,11757.25,11756.25,11756.75,0
2019-12-12T18:49:00+00:00,11757.25,11757.25,11756.0,11757.25,0
2019-12-12T18:50:00+00:00,11757.5,11757.5,11756.0,11756.75,0
2019-12-12T18:51:00+00:00,11756.5,11759.75,11756.5,11759.5,0
2019-12-12T18:52:00+00:00,11760.25,11761.0,11760.25,11760.5,0
2019-12-12T18:53:00+00:00,11761.0,11761.0,11759.5,11760.25,0
2019-12-12T18:54:00+00:00,11760.5,11760.5,11759.75,11760.25,0
2019-12-12T18:55:00+00:00,11760.0,11760.5,11759.75,11760.5,0
2019-12-12T18:56:00+00:00,11760.5,11760.75,11759.5,11760.25,0
2019-12-12T18:57:00+00:00,11760.25,11760.25,11760.0,11760.0,0
2019-12-12T18:58:00+00:00,11759.75,11759.75,11757.25,11757.25,0
2019-12-12T18:59:00+00:00,11757.0,11759.5,11755.25,11759.5,0
2019-12-12T19:00:00+00:00,11759.5,11763.0,11759.5,11762.25,0
2019-12-12T19:01:00+00:00,11761.25,11763.5,11761.25,11761.5,0
2019-12-12T19:02:00+00:00,11761.75,11762.25,11758.75,11758.75,0
2019-12-12T19:03:00+00:00,11759.25,11759.25,11755.5,11756.25,0
2019-12-12T19:04:00+00:00,11756.25,11758.0,11756.25,11757.5,0
2019-12-12T19:05:00+00:00,11758.25,11758.5,11756.75,11757.5,0
2019-12-12T19:06:00+00:00,11758.0,11758.25,11757.0,11757.25,0
2019-12-12T19:07:00+00:00,11756.5,11762.0,11756.5,11761.25,0
2019-12-12T19:08:00+00:00,11760.25,11763.75,11760.25,11761.75,0
2019-12-12T19:09:00+00:00,11761.75,11761.75,11759.0,11760.25,0
2019-12-12T19:10:00+00:00,11760.25,11762.0,11759.25,11762.0,0
2019-12-12T19:11:00+00:00,11762.25,11763.75,11761.75,11763.5,0
2019-12-12T19:12:00+00:00,11763.75,11765.5,11763.75,11764.75,0
2019-12-12T19:13:00+00:00,11764.0,11765.75,11763.25,11765.75,0
2019-12-12T19:14:00+00:00,11765.25,11765.75,11764.25,11764.25,0
2019-12-12T19:15:00+00:00,11764.75,11764.75,11741.25,11749.75,0
2019-12-12T19:16:00+00:00,11749.0,11757.25,11747.0,11757.0,0
2019-12-12T19:17:00+00:00,11755.25,11756.75,11752.0,11752.0,0
2019-12-12T19:18:00+00:00,11752.75,11753.75,11748.75,11750.5,0
2019-12-12T19:19:00+00:00,11751.0,11755.0,11751.0,11754.25,0
2019-12-12T19:20:00+00:00,11753.75,11754.25,11749.25,11750.75,0
2019-12-12T19:21:00+00:00,11751.5,11751.75,11747.75,11749.0,0
2019-12-12T19:22:00+00:00,11749.5,11750.75,11748.25,11749.5,0
2019-12-12T19:23:00+00:00,11748.75,11749.25,11747.25,11748.25,0
2019-12-12T19:24:00+00:00,11748.0,11748.75,11746.0,11746.0,0
2019-12-12T19:25:00+00:00,11746.0,11747.25,11743.5,11743.5,0
2019-12-12T19:26:00+00:00,11743.0,11747.25,11741.25,11747.0,0
2019-12-12T19:27:00+00:00,11746.75,11749.25,11745.75,11747.0,0
2019-12-12T19:28:00+00:00,11747.75,11748.25,11746.25,11746.75,0
2019-12-12T19:29:00+00:00,11747.25,11747.75,11746.25,11747.25,0
2019-12-12T19:30:00+00:00,11748.75,11749.75,11742.0,11748.25,0
2019-12-12T19:31:00+00:00,11747.75,11781.75,11744.5,11778.25,0
2019-12-12T19:32:00+00:00,11780.25,11788.0,11773.5,11787.75,0
2019-12-12T19:33:00+00:00,11786.5,11788.5,11777.5,11782.5,0
2019-12-12T19:34:00+00:00,11781.0,11782.25,11773.25,11776.75,0
2019-12-12T19:35:00+00:00,11777.5,11782.0,11775.0,11779.0,0
2019-12-12T19:36:00+00:00,11779.5,11781.0,11776.25,11778.5,0
2019-12-12T19:37:00+00:00,11778.75,11779.0,11769.5,11769.75,0
2019-12-12T19:38:00+00:00,11769.25,11772.25,11760.75,11767.0,0
2019-12-12T19:39:00+00:00,11767.25,11769.5,11766.0,11768.5,0
2019-12-12T19:40:00+00:00,11767.5,11771.25,11766.5,11767.75,0
2019-12-12T19:41:00+00:00,11766.75,11772.25,11766.75,11770.25,0
2019-12-12T19:42:00+00:00,11769.25,11777.5,11769.25,11773.25,0
2019-12-12T19:43:00+00:00,11774.5,11775.25,11769.5,11772.25,0
2019-12-12T19:44:00+00:00,11772.0,11772.75,11769.5,11771.75,0
2019-12-12T19:45:00+00:00,11771.0,11771.5,11766.75,11770.0,0
2019-12-12T19:46:00+00:00,11770.0,11770.0,11766.0,11767.25,0
2019-12-12T19:47:00+00:00,11768.25,11770.5,11766.0,11769.0,0
2019-12-12T19:48:00+00:00,11767.0,11767.0,11763.0,11763.0,0
2019-12-12T19:49:00+00:00,11764.5,11764.5,11755.75,11756.0,0
2019-12-12T19:50:00+00:00,11756.0,11758.25,11754.75,11755.5,0
2019-12-12T19:51:00+00:00,11756.75,11758.25,11754.5,11754.5,0
2019-12-12T19:52:00+00:00,11755.0,11757.0,11753.5,11755.5,0
2019-12-12T19:53:00+00:00,11756.0,11756.25,11750.75,11754.75,0
2019-12-12T19:54:00+00:00,11754.5,11763.0,11754.5,11763.0,0
2019-12-12T19:55:00+00:00,11763.25,11765.75,11761.25,11765.75,0
2019-12-12T19:56:00+00:00,11766.0,11772.25,11764.25,11770.0,0
2019-12-12T19:57:00+00:00,11770.25,11770.75,11767.75,11767.75,0
2019-12-12T19:58:00+00:00,11768.5,11768.5,11766.75,11767.75,0
2019-12-12T19:59:00+00:00,11767.25,11767.25,11764.0,11764.5,0
2019-12-12T20:00:00+00:00,11765.5,11769.0,11765.0,11767.5,0
2019-12-12T20:01:00+00:00,11768.75,11772.25,11767.75,11771.5,0
2019-12-12T20:02:00+00:00,11771.0,11771.0,11766.25,11768.0,0
2019-12-12T20:03:00+00:00,11768.5,11775.5,11767.75,11774.25,0
2019-12-12T20:04:00+00:00,11774.5,11776.25,11774.0,11774.5,0
2019-12-12T20:05:00+00:00,11775.25,11775.75,11773.75,11774.75,0
2019-12-12T20:06:00+00:00,11775.0,11775.5,11773.0,11775.0,0
2019-12-12T20:07:00+00:00,11774.25,11775.5,11774.25,11775.25,0
2019-12-12T20:08:00+00:00,11775.5,11777.75,11775.25,11776.25,0
2019-12-12T20:09:00+00:00,11775.25,11775.5,11773.25,11774.75,0
2019-12-12T20:10:00+00:00,11776.25,11777.5,11773.75,11773.75,0
2019-12-12T20:11:00+00:00,11773.75,11775.0,11772.5,11772.5,0
2019-12-12T20:12:00+00:00,11772.75,11774.75,11772.0,11772.0,0
2019-12-12T20:13:00+00:00,11771.25,11771.25,11767.25,11768.5,0
2019-12-12T20:14:00+00:00,11768.5,11768.5,11767.5,11767.75,0
2019-12-12T20:15:00+00:00,11767.0,11767.0,11764.0,11764.0,0
2019-12-12T20:16:00+00:00,11763.75,11765.5,11762.75,11764.25,0
2019-12-12T20:17:00+00:00,11766.0,11767.75,11765.25,11767.75,0
2019-12-12T20:18:00+00:00,11767.0,11770.25,11766.75,11770.0,0
2019-12-12T20:19:00+00:00,11770.0,11771.0,11768.0,11768.0,0
2019-12-12T20:20:00+00:00,11768.0,11771.25,11767.75,11771.25,0
2019-12-12T20:21:00+00:00,11771.0,11773.0,11769.75,11771.75,0
2019-12-12T20:22:00+00:00,11771.0,11771.25,11768.75,11769.75,0
2019-12-12T20:23:00+00:00,11769.75,11771.75,11769.5,11771.75,0
2019-12-12T20:24:00+00:00,11772.5,11772.5,11770.5,11772.0,0
2019-12-12T20:25:00+00:00,11770.75,11771.5,11769.75,11771.5,0
2019-12-12T20:26:00+00:00,11771.25,11776.5,11771.25,11776.25,0
2019-12-12T20:27:00+00:00,11776.75,11778.75,11776.0,11777.0,0
2019-12-12T20:28:00+00:00,11777.0,11777.0,11775.5,11775.75,0
2019-12-12T20:29:00+00:00,11776.5,11779.25,11775.75,11778.25,0
2019-12-12T20:30:00+00:00,11778.0,11781.5,11777.75,11780.25,0
2019-12-12T20:31:00+00:00,11780.5,11781.25,11779.75,11780.5,0
2019-12-12T20:32:00+00:00,11780.75,11782.75,11780.5,11781.5,0
2019-12-12T20:33:00+00:00,11782.25,11784.0,11781.75,11781.75,0
2019-12-12T20:34:00+00:00,11781.5,11782.0,11777.75,11777.75,0
2019-12-12T20:35:00+00:00,11777.5,11777.75,11775.25,11777.75,0
2019-12-12T20:36:00+00:00,11777.5,11778.5,11773.0,11775.25,0
2019-12-12T20:37:00+00:00,11775.75,11776.5,11771.75,11772.75,0
2019-12-12T20:38:00+00:00,11774.0,11779.75,11773.0,11779.0,0
2019-12-12T20:39:00+00:00,11780.0,11783.25,11780.0,11782.5,0
2019-12-12T20:40:00+00:00,11782.25,11782.25,11779.25,11779.25,0
2019-12-12T20:41:00+00:00,11779.0,11784.25,11778.25,11782.75,0
2019-12-12T20:42:00+00:00,11783.25,11785.0,11782.25,11784.25,0
2019-12-12T20:43:00+00:00,11785.25,11785.25,11782.25,11783.0,0
2019-12-12T20:44:00+00:00,11784.0,11786.75,11783.0,11786.0,0
2019-12-12T20:45:00+00:00,11785.0,11786.25,11784.5,11785.5,0
2019-12-12T20:46:00+00:00,11786.0,11786.75,11783.25,11784.0,0
2019-12-12T20:47:00+00:00,11784.5,11788.5,11784.5,11788.5,0
2019-12-12T20:48:00+00:00,11787.0,11791.25,11786.25,11790.75,0
2019-12-12T20:49:00+00:00,11790.5,11794.75,11790.0,11794.5,0
2019-12-12T20:50:00+00:00,11793.0,11795.5,11793.0,11795.0,0
2019-12-12T20:51:00+00:00,11795.75,11800.25,11795.0,11798.0,0
2019-12-12T20:52:00+00:00,11798.25,11799.25,11797.0,11797.25,0
2019-12-12T20:53:00+00:00,11797.75,11798.75,11797.0,11798.0,0
2019-12-12T20:54:00+00:00,11798.25,11800.0,11796.75,11799.75,0
2019-12-12T20:55:00+00:00,11800.5,11802.5,11799.5,11801.25,0
2019-12-12T20:56:00+00:00,11801.0,11801.25,11794.0,11794.5,0
2019-12-12T20:57:00+00:00,11794.5,11798.0,11794.5,11796.5,0
2019-12-12T20:58:00+00:00,11797.0,11797.0,11792.25,11792.5,0
2019-12-12T20:59:00+00:00,11792.0,11794.25,11790.75,11791.0,0
2019-12-12T21:00:00+00:00,11791.0,11792.25,11785.25,11789.5,0
