dt,is_long,mae,mfe,session,won_0.25,won_0.50,won_0.75,won_1.00,year
2020-12-15 12:45:00-08:00,True,0.28488372093023256,2.052325581395349,NY,True,True,True,True,2020
2020-12-21 00:50:00-08:00,False,0.19791666666666666,2.34375,LONDON,True,True,True,True,2020
2020-12-23 16:20:00-08:00,False,1.0,1.013157894736842,ASIA,True,True,True,True,2020
2021-01-20 10:55:00-08:00,True,0.15666666666666668,2.1733333333333333,NY,True,True,True,True,2021
2021-01-22 08:05:00-08:00,True,0.38735177865612647,2.0118577075098814,NY,True,True,True,True,2021
2021-02-08 17:50:00-08:00,True,1.0,0.30097087378640774,ASIA,True,False,False,False,2021
2021-02-12 12:25:00-08:00,True,0.0,2.0,NY,True,True,True,True,2021
2021-02-17 12:05:00-08:00,True,1.0,1.4892086330935252,NY,True,True,True,True,2021
2021-02-18 09:05:00-08:00,False,1.0,0.15671641791044777,NY,False,False,False,False,2021
2021-03-08 16:30:00-08:00,False,1.0,0.8446601941747572,ASIA,True,True,True,False,2021
2021-03-09 05:40:00-08:00,True,0.07065217391304347,2.108695652173913,LONDON,True,True,True,True,2021
2021-03-10 05:10:00-08:00,False,1.0,0.008888888888888889,LONDON,False,False,False,False,2021
2021-09-17 09:15:00-07:00,False,0.9851851851851852,2.303703703703704,NY,True,True,True,True,2021
2021-09-17 11:15:00-07:00,False,0.6209386281588448,2.046931407942238,NY,True,True,True,True,2021
2021-09-28 16:35:00-07:00,False,1.0,0.2375,ASIA,False,False,False,False,2021
2021-09-29 00:15:00-07:00,True,1.0,1.5694444444444444,LONDON,True,True,True,True,2021
2021-09-30 06:05:00-07:00,False,1.0,0.5307692307692308,LONDON,True,True,False,False,2021
2021-10-13 04:55:00-07:00,True,1.0,0.6220472440944882,LONDON,True,True,False,False,2021
2021-10-13 20:20:00-07:00,True,0.49122807017543857,2.0350877192982457,ASIA,True,True,True,True,2021
2021-10-22 12:05:00-07:00,False,1.0,0.841025641025641,NY,True,True,True,False,2021
2021-10-28 10:35:00-07:00,True,1.0,0.9166666666666666,NY,True,True,True,False,2021
2021-10-28 19:00:00-07:00,False,1.0,0.07058823529411765,ASIA,False,False,False,False,2021
2021-11-02 09:50:00-07:00,True,1.0,0.26282051282051283,NY,True,False,False,False,2021
2021-11-11 17:45:00-08:00,True,1.0,0.6122448979591837,ASIA,True,True,False,False,2021
2021-11-17 04:00:00-08:00,True,1.0,0.5384615384615384,LONDON,True,True,False,False,2021
2021-11-22 12:40:00-08:00,False,0.0684931506849315,2.065068493150685,NY,True,True,True,True,2021
2021-11-25 09:45:00-08:00,True,1.0,0.4426229508196721,NY,True,False,False,False,2021
2021-11-29 12:35:00-08:00,True,1.0,0.0,NY,False,False,False,False,2021
2021-11-30 11:50:00-08:00,False,1.0,0.8181818181818182,NY,True,True,True,False,2021
2021-12-01 11:55:00-08:00,False,0.07917383820998279,2.0327022375215145,NY,True,True,True,True,2021
2021-12-01 15:20:00-08:00,False,1.0,1.1928104575163399,ASIA,True,True,True,True,2021
2021-12-01 17:20:00-08:00,False,1.0,0.024875621890547265,ASIA,False,False,False,False,2021
2022-03-21 21:25:00-07:00,False,1.0,0.4233576642335766,ASIA,True,False,False,False,2022
2022-03-22 10:05:00-07:00,True,1.0,1.0811965811965811,NY,True,True,True,True,2022
2022-03-28 03:40:00-07:00,True,0.16260162601626016,2.048780487804878,LONDON,True,True,True,True,2022
2022-03-29 04:50:00-07:00,True,0.009950248756218905,2.0646766169154227,LONDON,True,True,True,True,2022
2022-03-31 11:05:00-07:00,False,0.8808290155440415,2.077720207253886,NY,True,True,True,True,2022
2022-04-10 22:25:00-07:00,False,1.0,0.031496062992125984,ASIA,False,False,False,False,2022
2022-04-27 18:05:00-07:00,True,1.0,0.022727272727272728,ASIA,False,False,False,False,2022
2022-04-28 02:25:00-07:00,True,1.0,0.03164556962025317,LONDON,False,False,False,False,2022
2022-04-29 09:00:00-07:00,False,1.0,1.762857142857143,NY,True,True,True,True,2022
2022-05-04 01:30:00-07:00,True,1.0,0.545,LONDON,True,True,False,False,2022
2022-05-04 04:15:00-07:00,True,0.0,2.0555555555555554,LONDON,True,True,True,True,2022
2022-05-05 12:50:00-07:00,False,1.0,0.011804384485666104,NY,False,False,False,False,2022
2022-05-06 12:00:00-07:00,False,0.49848637739656915,2.0,NY,True,True,True,True,2022
2022-05-12 09:45:00-07:00,True,1.0,0.042584434654919234,NY,False,False,False,False,2022
2022-05-12 18:50:00-07:00,True,0.02877697841726619,2.031175059952038,ASIA,True,True,True,True,2022
2022-05-16 09:40:00-07:00,False,1.0,0.2857142857142857,NY,True,False,False,False,2022
2022-05-18 07:30:00-07:00,False,0.19184652278177458,2.062350119904077,NY,True,True,True,True,2022
2022-05-23 17:45:00-07:00,False,0.5632183908045977,2.0804597701149423,ASIA,True,True,True,True,2022
2022-05-30 01:05:00-07:00,True,1.0,0.9026548672566371,LONDON,True,True,True,False,2022
2022-05-30 23:40:00-07:00,False,0.673469387755102,2.066326530612245,ASIA,True,True,True,True,2022
2022-06-03 12:45:00-07:00,False,1.0,0.1864406779661017,NY,False,False,False,False,2022
2022-06-05 17:50:00-07:00,True,0.17676767676767677,2.3686868686868685,ASIA,True,True,True,True,2022
2022-09-07 23:00:00-07:00,True,0.26666666666666666,2.0,ASIA,True,True,True,True,2022
2022-09-08 22:20:00-07:00,True,1.0,0.4647887323943662,ASIA,True,False,False,False,2022
2022-09-18 21:10:00-07:00,False,1.0,0.8372093023255814,ASIA,True,True,True,False,2022
2022-09-19 10:25:00-07:00,True,1.0,1.9969512195121952,NY,True,True,True,True,2022
2022-09-19 19:30:00-07:00,True,1.0,1.2095238095238094,ASIA,True,True,True,True,2022
2022-09-25 15:25:00-07:00,True,1.0,1.1666666666666667,ASIA,True,True,True,True,2022
2022-10-04 21:55:00-07:00,False,0.8,2.17,ASIA,True,True,True,True,2022
2022-10-05 03:20:00-07:00,False,1.0,0.075,LONDON,False,False,False,False,2022
2022-10-10 21:20:00-07:00,False,1.0,0.47058823529411764,ASIA,True,False,False,False,2022
2022-10-16 18:50:00-07:00,True,0.6891891891891891,2.189189189189189,ASIA,True,True,True,True,2022
2022-10-20 03:25:00-07:00,True,0.020242914979757085,2.1093117408906883,LONDON,True,True,True,True,2022
2022-10-21 03:35:00-07:00,False,1.0,0.06837606837606838,LONDON,False,False,False,False,2022
2022-10-23 22:55:00-07:00,False,1.0,1.6125461254612545,ASIA,True,True,True,True,2022
2022-10-31 06:20:00-07:00,False,0.4897959183673469,2.020408163265306,LONDON,True,True,True,True,2022
2022-11-04 04:10:00-07:00,True,1.0,0.296875,LONDON,True,False,False,False,2022
2022-11-17 08:10:00-08:00,False,1.0,0.05862068965517241,NY,False,False,False,False,2022
2023-03-12 23:45:00-07:00,True,1.0,0.6363636363636364,ASIA,True,True,False,False,2023
2023-03-13 04:45:00-07:00,False,0.39197530864197533,2.049382716049383,LONDON,True,True,True,True,2023
2023-03-15 11:20:00-07:00,True,0.1036036036036036,2.1666666666666665,NY,True,True,True,True,2023
2023-03-23 02:15:00-07:00,True,1.0,0.03821656050955414,LONDON,False,False,False,False,2023
2023-04-19 05:05:00-07:00,False,1.0,0.6020408163265306,LONDON,True,True,False,False,2023
2023-04-24 07:25:00-07:00,True,1.0,0.07065217391304347,NY,False,False,False,False,2023
2023-04-25 10:15:00-07:00,False,1.0,1.1389728096676737,NY,True,True,True,True,2023
2023-04-28 00:15:00-07:00,False,1.0,0.550561797752809,LONDON,True,True,False,False,2023
2023-04-28 09:30:00-07:00,True,1.0,1.5083056478405317,NY,True,True,True,True,2023
2023-04-28 12:45:00-07:00,True,1.0,1.7218934911242603,NY,True,True,True,True,2023
2023-05-18 19:20:00-07:00,True,1.0,0.5714285714285714,ASIA,True,True,False,False,2023
2023-05-19 08:30:00-07:00,False,1.0,1.0,NY,True,True,True,True,2023
2023-05-26 02:25:00-07:00,True,0.39751552795031053,2.0,LONDON,True,True,True,True,2023
2023-05-29 18:20:00-07:00,False,1.0,0.4230769230769231,ASIA,True,False,False,False,2023
2023-06-04 20:45:00-07:00,False,1.0,0.7567567567567568,ASIA,True,True,True,False,2023
2023-06-13 09:40:00-07:00,True,1.0,0.7513812154696132,NY,True,True,True,False,2023
2023-06-14 16:20:00-07:00,True,1.0,0.0,ASIA,False,False,False,False,2023
2023-06-26 12:45:00-07:00,False,1.0,0.9896907216494846,NY,True,True,True,False,2023
2023-07-05 12:50:00-07:00,True,1.0,0.0,NY,False,False,False,False,2023
2023-07-10 19:40:00-07:00,True,0.7692307692307693,2.292307692307692,ASIA,True,True,True,True,2023
2023-07-13 02:55:00-07:00,True,0.6,2.0285714285714285,LONDON,True,True,True,True,2023
2023-07-13 08:25:00-07:00,True,0.2864321608040201,2.090452261306533,NY,True,True,True,True,2023
2023-07-13 18:45:00-07:00,True,0.6868686868686869,2.080808080808081,ASIA,True,True,True,True,2023
2023-07-19 02:20:00-07:00,True,0.6697247706422018,2.0,LONDON,True,True,True,True,2023
2023-07-26 06:25:00-07:00,False,0.8529411764705882,2.019607843137255,LONDON,True,True,True,True,2023
2023-07-31 09:15:00-07:00,False,1.0,0.9757575757575757,NY,True,True,True,False,2023
2023-07-31 12:35:00-07:00,False,1.0,0.4431137724550898,NY,True,False,False,False,2023
2023-08-23 05:55:00-07:00,False,1.0,0.0968586387434555,LONDON,False,False,False,False,2023
2023-08-23 21:50:00-07:00,True,1.0,1.9743589743589745,ASIA,True,True,True,True,2023
2023-08-24 20:10:00-07:00,False,0.8804347826086957,2.4239130434782608,ASIA,True,True,True,True,2023
2023-08-28 20:00:00-07:00,True,0.1111111111111111,2.0864197530864197,ASIA,True,True,True,True,2023
2023-09-01 10:45:00-07:00,False,1.0,0.6335403726708074,NY,True,True,False,False,2023
2023-09-04 23:05:00-07:00,False,0.3108108108108108,2.054054054054054,ASIA,True,True,True,True,2023
2023-09-11 04:20:00-07:00,True,1.0,1.956140350877193,LONDON,True,True,True,True,2023
2023-09-21 16:05:00-07:00,False,1.0,1.1594202898550725,ASIA,True,True,True,True,2023
2023-09-22 07:25:00-07:00,True,1.0,1.0359712230215827,NY,True,True,True,True,2023
2023-09-27 10:15:00-07:00,False,1.0,0.6494845360824743,NY,True,True,False,False,2023
2023-10-05 10:10:00-07:00,False,1.0,0.00819672131147541,NY,False,False,False,False,2023
2023-10-26 18:10:00-07:00,True,0.8932038834951457,2.1844660194174756,ASIA,True,True,True,True,2023
2023-11-01 10:45:00-07:00,True,1.0,1.5243243243243243,NY,True,True,True,True,2023
2023-11-02 07:40:00-07:00,True,0.22996515679442509,2.034843205574913,NY,True,True,True,True,2023
2023-11-06 03:00:00-08:00,True,1.0,0.17346938775510204,LONDON,False,False,False,False,2023
2023-11-22 09:00:00-08:00,True,1.0,0.35319148936170214,NY,True,False,False,False,2023
2023-11-29 00:30:00-08:00,False,1.0,0.0,LONDON,False,False,False,False,2023
2023-12-07 03:20:00-08:00,True,0.16666666666666666,2.061111111111111,LONDON,True,True,True,True,2023
2023-12-11 05:00:00-08:00,True,0.5673758865248227,2.2411347517730498,LONDON,True,True,True,True,2023
2023-12-15 03:50:00-08:00,True,1.0,0.05952380952380952,LONDON,False,False,False,False,2023
2023-12-17 17:35:00-08:00,True,0.7479674796747967,2.0,ASIA,True,True,True,True,2023
2024-01-03 08:40:00-08:00,False,1.0,0.9,NY,True,True,True,False,2024
2024-01-05 01:05:00-08:00,False,1.0,1.6962025316455696,LONDON,True,True,True,True,2024
2024-01-10 09:10:00-08:00,True,0.1693548387096774,2.0080645161290325,NY,True,True,True,True,2024
2024-01-10 15:15:00-08:00,True,1.0,1.518939393939394,ASIA,True,True,True,True,2024
2024-01-11 07:35:00-08:00,False,1.0,1.0127118644067796,NY,True,True,True,True,2024
2024-01-18 02:40:00-08:00,True,0.3188405797101449,2.1449275362318843,LONDON,True,True,True,True,2024
2024-01-19 01:50:00-08:00,True,0.7310924369747899,2.008403361344538,LONDON,True,True,True,True,2024
2024-01-25 04:30:00-08:00,True,0.8616352201257862,2.1823899371069184,LONDON,True,True,True,True,2024
2024-01-29 00:20:00-08:00,True,1.0,1.188976377952756,LONDON,True,True,True,True,2024
2024-02-14 18:35:00-08:00,True,0.012658227848101266,2.1012658227848102,ASIA,True,True,True,True,2024
2024-02-19 21:15:00-08:00,False,1.0,0.4430379746835443,ASIA,True,False,False,False,2024
2024-02-21 10:55:00-08:00,False,0.9645390070921985,2.0,NY,True,True,True,True,2024
2024-02-25 23:20:00-08:00,False,1.0,0.0975609756097561,ASIA,False,False,False,False,2024
2024-03-04 10:15:00-08:00,False,1.0,0.7426470588235294,NY,True,True,False,False,2024
2024-03-11 20:00:00-07:00,True,0.08163265306122448,2.2448979591836733,ASIA,True,True,True,True,2024
2024-03-25 10:15:00-07:00,True,1.0,1.5252525252525253,NY,True,True,True,True,2024
2024-04-10 10:40:00-07:00,False,1.0,0.23076923076923078,NY,False,False,False,False,2024
2024-04-25 23:25:00-07:00,True,1.0,0.8,ASIA,True,True,True,False,2024
2024-04-30 01:40:00-07:00,False,0.43434343434343436,3.515151515151515,LONDON,True,True,True,True,2024
2024-04-30 05:10:00-07:00,False,0.5925925925925926,2.6944444444444446,LONDON,True,True,True,True,2024
2024-05-15 17:55:00-07:00,True,1.0,0.5981308411214953,ASIA,True,True,False,False,2024
2024-05-29 04:15:00-07:00,False,1.0,0.28688524590163933,LONDON,True,False,False,False,2024
2024-06-10 12:05:00-07:00,True,1.0,0.5333333333333333,NY,True,True,False,False,2024
2024-06-13 16:20:00-07:00,True,0.07058823529411765,2.011764705882353,ASIA,True,True,True,True,2024
2024-06-25 10:45:00-07:00,True,0.05844155844155844,2.0064935064935066,NY,True,True,True,True,2024
2024-06-28 05:15:00-07:00,True,0.7222222222222222,2.4027777777777777,LONDON,True,True,True,True,2024
2024-06-28 12:55:00-07:00,False,1.0,1.471698113207547,NY,True,True,True,True,2024
2024-07-01 05:55:00-07:00,True,1.0,0.1780821917808219,LONDON,False,False,False,False,2024
2024-07-02 12:55:00-07:00,True,1.0,1.8461538461538463,NY,True,True,True,True,2024
2024-07-08 00:20:00-07:00,True,0.4673913043478261,2.152173913043478,LONDON,True,True,True,True,2024
2024-07-14 20:40:00-07:00,True,0.3023255813953488,2.0232558139534884,ASIA,True,True,True,True,2024
2024-07-16 09:10:00-07:00,False,1.0,0.6619318181818182,NY,True,True,False,False,2024
2024-07-16 20:40:00-07:00,False,0.022058823529411766,2.2058823529411766,ASIA,True,True,True,True,2024
2024-07-23 06:05:00-07:00,True,1.0,1.9237668161434978,LONDON,True,True,True,True,2024
2024-07-24 04:05:00-07:00,False,0.5656565656565656,2.4393939393939394,LONDON,True,True,True,True,2024
2024-08-02 10:25:00-07:00,False,0.6517690875232774,2.1396648044692737,NY,True,True,True,True,2024
2024-08-06 02:00:00-07:00,False,1.0,1.3461538461538463,LONDON,True,True,True,True,2024
2024-08-06 05:25:00-07:00,False,1.0,1.6162528216704288,LONDON,True,True,True,True,2024
2024-08-19 01:05:00-07:00,False,1.0,0.2648752399232246,LONDON,True,False,False,False,2024
2024-08-21 06:45:00-07:00,True,0.5578947368421052,2.126315789473684,NY,True,True,True,True,2024
2024-08-26 12:40:00-07:00,False,1.0,0.926605504587156,NY,True,True,True,False,2024
2024-08-28 01:30:00-07:00,True,1.0,1.509090909090909,LONDON,True,True,True,True,2024
2024-08-28 18:30:00-07:00,False,1.0,0.16783216783216784,ASIA,False,False,False,False,2024
2024-09-02 19:05:00-07:00,False,0.5333333333333333,2.276190476190476,ASIA,True,True,True,True,2024
2024-09-06 11:05:00-07:00,False,1.0,1.1894736842105262,NY,True,True,True,True,2024
2024-09-18 17:55:00-07:00,True,0.589041095890411,2.0136986301369864,ASIA,True,True,True,True,2024
2024-09-30 16:15:00-07:00,True,0.5981308411214953,2.0654205607476634,ASIA,True,True,True,True,2024
2024-10-08 01:20:00-07:00,True,0.3872053872053872,2.387205387205387,LONDON,True,True,True,True,2024
2024-10-08 09:20:00-07:00,True,1.0,0.7727272727272727,NY,True,True,True,False,2024
2024-10-11 04:20:00-07:00,False,1.0,0.13,LONDON,False,False,False,False,2024
2024-10-21 12:50:00-07:00,True,1.0,1.2324324324324325,NY,True,True,True,True,2024
2024-10-23 23:05:00-07:00,True,0.6693548387096774,2.024193548387097,ASIA,True,True,True,True,2024
2024-11-06 17:35:00-08:00,True,0.15789473684210525,2.064327485380117,ASIA,True,True,True,True,2024
2024-11-07 11:50:00-08:00,True,1.0,0.6764705882352942,NY,True,True,False,False,2024
2024-11-20 10:20:00-08:00,False,1.0,0.6124031007751938,NY,True,True,False,False,2024
2024-11-26 17:15:00-08:00,True,1.0,1.3452380952380953,ASIA,True,True,True,True,2024
2024-12-03 12:50:00-08:00,True,0.0,2.0,NY,True,True,True,True,2024
2024-12-04 05:35:00-08:00,True,1.0,1.05,LONDON,True,True,True,True,2024
2024-12-06 00:35:00-08:00,True,1.0,0.8305084745762712,LONDON,True,True,True,False,2024
2024-12-06 12:10:00-08:00,True,0.45161290322580644,2.024193548387097,NY,True,True,True,True,2024
2024-12-09 10:00:00-08:00,False,1.0,0.4074074074074074,NY,True,False,False,False,2024
2024-12-12 07:10:00-08:00,False,1.0,0.5148514851485149,NY,True,True,False,False,2024
2024-12-30 01:10:00-08:00,False,0.7960526315789473,2.0592105263157894,LONDON,True,True,True,True,2024
2025-01-06 20:35:00-08:00,False,0.045454545454545456,2.090909090909091,ASIA,True,True,True,True,2025
2025-01-13 00:20:00-08:00,False,0.0,2.142857142857143,LONDON,True,True,True,True,2025
2025-01-16 11:25:00-08:00,False,1.0,1.3765281173594133,NY,True,True,True,True,2025
2025-01-28 10:50:00-08:00,True,1.0,0.2978723404255319,NY,True,False,False,False,2025
2025-01-29 08:40:00-08:00,False,1.0,1.1684782608695652,NY,True,True,True,True,2025
2025-01-30 17:30:00-08:00,True,0.048327137546468404,2.107806691449814,ASIA,True,True,True,True,2025
2025-01-30 22:05:00-08:00,True,0.28,2.02,ASIA,True,True,True,True,2025
2025-02-21 04:05:00-08:00,True,0.06060606060606061,2.287878787878788,LONDON,True,True,True,True,2025
2025-02-23 19:25:00-08:00,True,1.0,0.05,ASIA,False,False,False,False,2025
2025-02-26 03:05:00-08:00,True,1.0,0.16822429906542055,LONDON,False,False,False,False,2025
2025-02-28 03:25:00-08:00,True,1.0,0.28846153846153844,LONDON,True,False,False,False,2025
2025-03-09 21:10:00-07:00,True,1.0,0.4189189189189189,ASIA,True,False,False,False,2025
2025-03-10 03:10:00-07:00,False,0.21725239616613418,2.009584664536741,LONDON,True,True,True,True,2025
2025-03-28 11:40:00-07:00,False,0.7291666666666666,2.825,NY,True,True,True,True,2025
2025-03-30 20:05:00-07:00,False,0.963963963963964,2.4144144144144146,ASIA,True,True,True,True,2025
2025-03-31 09:20:00-07:00,True,0.14685314685314685,2.00979020979021,NY,True,True,True,True,2025
2025-04-02 12:35:00-07:00,True,0.31297709923664124,2.295801526717557,NY,True,True,True,True,2025
2025-04-15 19:40:00-07:00,False,0.7675675675675676,2.443243243243243,ASIA,True,True,True,True,2025
2025-04-16 00:50:00-07:00,False,1.0,0.46551724137931033,LONDON,True,False,False,False,2025
2025-04-21 01:15:00-07:00,False,0.49295774647887325,2.284507042253521,LONDON,True,True,True,True,2025
2025-04-25 02:40:00-07:00,False,0.46996466431095407,2.07773851590106,LONDON,True,True,True,True,2025
2025-05-14 11:20:00-07:00,True,1.0,0.4483695652173913,NY,True,False,False,False,2025
2025-05-28 02:25:00-07:00,False,1.0,0.11811023622047244,LONDON,False,False,False,False,2025
2025-06-01 16:55:00-07:00,False,1.0,1.8576271186440678,ASIA,True,True,True,True,2025
2025-06-01 19:50:00-07:00,False,0.04242424242424243,2.624242424242424,ASIA,True,True,True,True,2025
2025-06-02 08:15:00-07:00,True,0.25303030303030305,2.003030303030303,NY,True,True,True,True,2025
2025-06-03 12:30:00-07:00,True,0.9085173501577287,2.334384858044164,NY,True,True,True,True,2025
2025-06-06 11:55:00-07:00,True,1.0,0.045816733067729085,NY,False,False,False,False,2025
2025-06-12 10:35:00-07:00,True,1.0,0.05527638190954774,NY,False,False,False,False,2025
2025-06-12 12:20:00-07:00,True,1.0,0.0707070707070707,NY,False,False,False,False,2025
2025-06-17 09:35:00-07:00,True,1.0,0.10326086956521739,NY,False,False,False,False,2025
2025-06-18 06:00:00-07:00,False,1.0,1.335164835164835,LONDON,True,True,True,True,2025
2025-07-08 22:45:00-07:00,False,1.0,1.691358024691358,ASIA,True,True,True,True,2025
2025-07-15 09:55:00-07:00,False,0.9491525423728814,2.0508474576271185,NY,True,True,True,True,2025
2025-07-15 12:55:00-07:00,False,0.17119565217391305,2.0815217391304346,NY,True,True,True,True,2025
2025-07-23 01:45:00-07:00,True,1.0,0.5,LONDON,True,True,False,False,2025
2025-07-28 10:20:00-07:00,False,1.0,0.5159574468085106,NY,True,True,False,False,2025
2025-08-01 06:00:00-07:00,False,0.4927007299270073,2.076642335766423,LONDON,True,True,True,True,2025
2025-08-06 15:20:00-07:00,True,0.06802721088435375,2.0816326530612246,ASIA,True,True,True,True,2025
2025-08-08 12:20:00-07:00,True,1.0,0.10833333333333334,NY,False,False,False,False,2025
2025-08-12 12:55:00-07:00,True,0.4625,2.0375,NY,True,True,True,True,2025
2025-08-21 01:05:00-07:00,True,1.0,0.13533834586466165,LONDON,False,False,False,False,2025
2025-08-29 05:05:00-07:00,False,1.0,0.3238095238095238,LONDON,True,False,False,False,2025
2025-09-01 22:05:00-07:00,False,0.9587628865979382,2.0412371134020617,ASIA,True,True,True,True,2025
2025-09-04 01:10:00-07:00,True,1.0,0.9556650246305419,LONDON,True,True,True,False,2025
2025-09-05 01:15:00-07:00,True,1.0,1.196078431372549,LONDON,True,True,True,True,2025
2025-09-09 07:05:00-07:00,False,1.0,1.073643410852713,NY,True,True,True,True,2025
2025-09-15 05:45:00-07:00,True,0.2912621359223301,2.262135922330097,LONDON,True,True,True,True,2025
2025-09-15 16:20:00-07:00,True,0.7361111111111112,2.5416666666666665,ASIA,True,True,True,True,2025
2025-09-17 11:40:00-07:00,False,1.0,0.4129353233830846,NY,True,False,False,False,2025
2025-09-22 23:50:00-07:00,True,1.0,0.34782608695652173,ASIA,True,False,False,False,2025
2025-09-23 16:55:00-07:00,False,1.0,1.911764705882353,ASIA,True,True,True,True,2025
2025-10-01 12:30:00-07:00,True,0.5040650406504065,2.008130081300813,NY,True,True,True,True,2025
2025-10-09 08:25:00-07:00,False,1.0,0.7170263788968825,NY,True,True,False,False,2025
2025-10-10 07:00:00-07:00,True,1.0,0.23828125,NY,False,False,False,False,2025
2025-10-21 16:05:00-07:00,False,1.0,1.509433962264151,ASIA,True,True,True,True,2025
2025-10-21 23:40:00-07:00,True,1.0,0.34057971014492755,ASIA,True,False,False,False,2025
2025-10-23 21:15:00-07:00,True,0.23275862068965517,2.1379310344827585,ASIA,True,True,True,True,2025
2025-10-24 09:50:00-07:00,True,1.0,0.43283582089552236,NY,True,False,False,False,2025
2025-10-29 08:30:00-07:00,False,0.6419213973799127,2.3668122270742358,NY,True,True,True,True,2025
2025-10-30 17:15:00-07:00,True,0.07692307692307693,2.0,ASIA,True,True,True,True,2025
2025-11-17 10:55:00-08:00,False,0.0,2.006322444678609,NY,True,True,True,True,2025
2025-11-19 23:20:00-08:00,True,1.0,0.256198347107438,ASIA,True,False,False,False,2025
2025-12-02 10:55:00-08:00,True,1.0,1.0081967213114753,NY,True,True,True,True,2025
2025-12-04 21:40:00-08:00,True,1.0,1.9397590361445782,ASIA,True,True,True,True,2025
2025-12-05 12:50:00-08:00,False,1.0,0.27699530516431925,NY,True,False,False,False,2025
2025-12-09 10:55:00-08:00,True,1.0,0.07954545454545454,NY,False,False,False,False,2025
2025-12-09 22:05:00-08:00,True,0.025,2.0625,ASIA,True,True,True,True,2025
2025-12-10 06:55:00-08:00,False,1.0,0.9974160206718347,NY,True,True,True,False,2025
2025-12-15 10:20:00-08:00,False,0.9192307692307692,2.0615384615384613,NY,True,True,True,True,2025
2025-12-21 20:50:00-08:00,True,1.0,0.18055555555555555,ASIA,False,False,False,False,2025
2025-12-23 12:55:00-08:00,True,0.5168067226890757,2.0126050420168067,NY,True,True,True,True,2025
2025-12-30 10:30:00-08:00,True,1.0,0.24,NY,False,False,False,False,2025
2026-01-07 04:45:00-08:00,True,0.28484848484848485,2.3575757575757574,LONDON,True,True,True,True,2026
2026-01-20 08:30:00-08:00,True,1.0,0.27419354838709675,NY,True,False,False,False,2026
2026-01-28 09:25:00-08:00,False,1.0,0.2040133779264214,NY,False,False,False,False,2026
2026-01-29 16:05:00-08:00,True,1.0,0.04387990762124711,ASIA,False,False,False,False,2026
2026-02-09 11:05:00-08:00,True,1.0,0.39705882352941174,NY,True,False,False,False,2026
2026-02-12 02:05:00-08:00,True,1.0,0.31016042780748665,LONDON,True,False,False,False,2026
2026-02-23 17:45:00-08:00,True,1.0,1.702127659574468,ASIA,True,True,True,True,2026
2026-02-24 15:35:00-08:00,True,0.27848101265822783,2.0443037974683542,ASIA,True,True,True,True,2026
2026-03-03 21:05:00-08:00,False,1.0,0.8761904761904762,ASIA,True,True,True,False,2026
2026-03-04 05:05:00-08:00,True,0.10602910602910603,2.0228690228690227,LONDON,True,True,True,True,2026
2026-03-04 10:30:00-08:00,True,1.0,0.6630434782608695,NY,True,True,False,False,2026
2026-03-04 11:40:00-08:00,True,1.0,0.033962264150943396,NY,False,False,False,False,2026
2026-03-10 07:10:00-07:00,False,1.0,0.0521978021978022,NY,False,False,False,False,2026
2026-03-17 10:40:00-07:00,True,0.5746478873239437,2.0,NY,True,True,True,True,2026
2026-03-25 05:00:00-07:00,True,1.0,0.6487455197132617,LONDON,True,True,False,False,2026
2026-03-27 09:10:00-07:00,False,0.22429906542056074,2.0303738317757007,NY,True,True,True,True,2026
2026-03-30 22:50:00-07:00,True,0.9458762886597938,2.100515463917526,ASIA,True,True,True,True,2026
2026-04-02 10:15:00-07:00,True,1.0,1.0050251256281406,NY,True,True,True,True,2026
2026-04-05 21:05:00-07:00,True,1.0,1.8833693304535637,ASIA,True,True,True,True,2026
2026-04-14 17:10:00-07:00,True,1.0,1.394736842105263,ASIA,True,True,True,True,2026
2026-04-14 20:50:00-07:00,True,1.0,1.1374045801526718,ASIA,True,True,True,True,2026
2026-04-22 03:35:00-07:00,True,0.5687022900763359,2.049618320610687,LONDON,True,True,True,True,2026
2026-04-22 15:20:00-07:00,True,1.0,0.03556485355648536,ASIA,False,False,False,False,2026
2026-05-04 01:45:00-07:00,False,0.5289256198347108,2.2148760330578514,LONDON,True,True,True,True,2026
2026-05-17 23:20:00-07:00,False,1.0,0.3722397476340694,ASIA,True,False,False,False,2026
2026-05-18 21:50:00-07:00,False,1.0,0.486810551558753,ASIA,True,False,False,False,2026
2026-05-22 00:25:00-07:00,True,1.0,1.8663101604278074,LONDON,True,True,True,True,2026
2026-05-26 11:05:00-07:00,True,0.14347826086956522,2.0,NY,True,True,True,True,2026
2026-06-02 12:05:00-07:00,True,1.0,1.5867768595041323,NY,True,True,True,True,2026
2026-06-07 20:25:00-07:00,True,1.0,0.13129102844638948,ASIA,False,False,False,False,2026
2026-06-14 23:25:00-07:00,True,0.8663101604278075,2.427807486631016,ASIA,True,True,True,True,2026
2026-06-15 06:15:00-07:00,True,0.13409961685823754,2.0344827586206895,LONDON,True,True,True,True,2026
2026-06-16 11:35:00-07:00,False,0.46006389776357826,2.0287539936102235,NY,True,True,True,True,2026
2026-06-16 16:40:00-07:00,False,1.0,0.33201581027667987,ASIA,True,False,False,False,2026
2026-06-22 08:50:00-07:00,False,0.35240963855421686,2.0355421686746986,NY,True,True,True,True,2026
2026-06-22 18:35:00-07:00,False,0.03171247357293869,2.0274841437632136,ASIA,True,True,True,True,2026
2026-06-24 20:20:00-07:00,True,0.25307125307125306,2.3538083538083536,ASIA,True,True,True,True,2026
2026-06-30 01:15:00-07:00,False,1.0,1.1098039215686275,LONDON,True,True,True,True,2026
2026-07-02 11:20:00-07:00,False,1.0,0.19225888324873097,NY,False,False,False,False,2026
2026-07-06 03:15:00-07:00,True,1.0,1.1226415094339623,LONDON,True,True,True,True,2026
2026-07-08 04:05:00-07:00,False,1.0,0.2535211267605634,LONDON,False,False,False,False,2026
2026-07-16 15:20:00-07:00,False,0.0576271186440678,2.016949152542373,ASIA,True,True,True,True,2026
2026-07-30 09:05:00-07:00,True,0.6131621187800963,2.001605136436597,NY,True,True,True,True,2026
2026-08-03 04:40:00-07:00,False,1.0,1.6239554317548746,LONDON,True,True,True,True,2026
