dt,is_long,R,R_cost,year,session
2020-12-15 12:55:00-08:00,True,0.5,0.43545454545454676,2020,NY
2020-12-18 07:10:00-08:00,True,-1.0,-1.0489655172413797,2020,NY
2020-12-20 16:15:00-08:00,False,1.5,1.4880168776371308,2020,ASIA
2020-12-21 09:30:00-08:00,True,1.5,1.4873777777777777,2020,NY
2021-01-19 09:00:00-08:00,False,-1.0,-1.0267924528301888,2021,NY
2021-01-22 04:35:00-08:00,False,-1.0,-1.0443749999999994,2021,LONDON
2021-01-22 06:00:00-08:00,False,-1.0,-1.03506172839506,2021,LONDON
2021-01-25 12:15:00-08:00,False,-1.0,-1.022362204724409,2021,NY
2021-01-27 09:40:00-08:00,True,-1.0,-1.0137198067632849,2021,NY
2021-01-28 05:35:00-08:00,True,0.5,0.4824691358024694,2021,LONDON
2021-02-02 04:35:00-08:00,True,-1.0,-1.0473333333333332,2021,LONDON
2021-02-09 11:05:00-08:00,True,-1.0,-1.0417647058823518,2021,NY
2021-02-25 19:30:00-08:00,False,1.5,1.4653658536585377,2021,ASIA
2021-02-26 10:10:00-08:00,True,-1.0,-1.00434250764526,2021,NY
2021-03-10 10:30:00-08:00,True,1.5,1.4845652173913049,2021,NY
2021-09-08 10:25:00-07:00,False,1.5,1.1844444444444764,2021,NY
2021-09-28 16:35:00-07:00,False,-1.0,-1.0631111111111111,2021,ASIA
2021-11-23 04:25:00-08:00,True,0.5,0.4755172413793111,2021,LONDON
2021-11-30 08:25:00-08:00,False,-1.0,-1.0079329608938548,2021,NY
2021-12-02 21:15:00-08:00,True,0.5,0.4856565656565658,2021,ASIA
2021-12-09 06:50:00-08:00,False,1.5,1.470721649484537,2021,NY
2021-12-09 16:05:00-08:00,False,-1.0,-1.0567999999999949,2021,ASIA
2022-03-10 10:05:00-08:00,False,-1.0,-1.021679389312977,2022,NY
2022-03-15 05:15:00-07:00,True,1.5,1.4408333333333327,2022,LONDON
2022-03-17 05:45:00-07:00,False,-1.0,-1.0436923076923077,2022,LONDON
2022-04-05 11:30:00-07:00,False,1.5,1.47551724137931,2022,NY
2022-04-08 12:35:00-07:00,False,1.5,1.4718811881188116,2022,NY
2022-04-14 11:55:00-07:00,False,1.5,1.4770967741935486,2022,NY
2022-04-27 06:05:00-07:00,False,0.5,0.4649382716049379,2022,LONDON
2022-05-01 17:20:00-07:00,False,-1.0,-1.0305376344086024,2022,ASIA
2022-05-02 09:20:00-07:00,True,-1.0,-1.0215151515151515,2022,NY
2022-05-05 12:50:00-07:00,False,-1.0,-1.0205797101449277,2022,NY
2022-05-06 12:00:00-07:00,False,1.5,1.4923860589812332,2022,NY
2022-05-10 07:05:00-07:00,True,-1.0,-1.0123478260869567,2022,NY
2022-05-12 09:35:00-07:00,True,1.5,1.4923860589812332,2022,NY
2022-05-13 00:30:00-07:00,True,1.5,1.4501754385964916,2022,LONDON
2022-05-13 12:45:00-07:00,True,-1.0,-1.0131481481481481,2022,NY
2022-05-16 08:45:00-07:00,True,1.5,1.479858156028369,2022,NY
2022-05-25 02:45:00-07:00,False,1.5,1.4432,2022,LONDON
2022-06-02 07:35:00-07:00,True,1.5,1.4811920529801323,2022,NY
2022-06-10 03:25:00-07:00,False,-1.0,-1.0417647058823531,2022,LONDON
2022-09-13 11:25:00-07:00,False,1.5,1.4694623655913976,2022,NY
2022-09-25 15:25:00-07:00,True,-1.0,-1.0107984790874525,2022,ASIA
2022-10-14 10:45:00-07:00,False,0.5,0.4755172413793102,2022,NY
2022-10-17 12:35:00-07:00,True,1.5,1.4576119402985077,2022,NY
2022-10-31 09:15:00-07:00,True,-1.0,-1.0143434343434343,2022,NY
2022-11-03 11:50:00-07:00,True,-1.0,-1.0436923076923093,2022,NY
2022-11-07 12:50:00-08:00,True,-1.0,-1.0645454545454565,2022,NY
2022-11-10 10:45:00-08:00,True,1.5,1.4779844961240312,2022,NY
2022-11-22 07:50:00-08:00,True,0.5,0.4825766871165644,2022,NY
2022-11-28 09:50:00-08:00,False,1.5,1.445384615384616,2022,NY
2022-12-08 10:30:00-08:00,True,-1.0,-1.0338095238095235,2022,NY
2022-12-14 12:30:00-08:00,False,1.5,1.4906270627062705,2022,NY
2024-02-27 12:25:00-08:00,True,-1.0,-1.0417647058823518,2024,NY
2024-04-08 09:35:00-07:00,True,-1.0,-1.0473333333333332,2024,NY
2024-05-29 10:40:00-07:00,False,0.5,0.4556250000000022,2024,NY
2024-06-04 03:45:00-07:00,False,-1.0,-1.0676190476190468,2024,LONDON
2024-09-03 16:00:00-07:00,False,0.5,0.4339534883720958,2024,ASIA
2024-09-18 07:35:00-07:00,False,-1.0,-1.0161363636363636,2024,NY
2024-09-25 12:25:00-07:00,False,0.5,0.44538461538461827,2024,NY
2024-10-03 01:50:00-07:00,False,-1.0,-1.020882352941176,2024,LONDON
2024-11-06 05:30:00-08:00,True,-1.0,-1.0072264631043257,2024,LONDON
2024-11-11 12:35:00-08:00,True,-1.0,-1.0368831168831156,2024,NY
2024-11-15 09:05:00-08:00,False,0.5,0.4724271844660199,2024,NY
2024-11-22 09:45:00-08:00,True,1.5,1.4871493212669686,2024,NY
2024-12-09 10:25:00-08:00,False,1.5,1.4323809523809568,2024,NY
2025-03-11 00:55:00-07:00,True,1.5,1.439574468085107,2025,LONDON
2025-03-17 08:50:00-07:00,True,0.5,0.4761344537815137,2025,NY
2025-04-03 05:35:00-07:00,False,0.5,0.46844444444444444,2025,LONDON
2025-04-04 11:40:00-07:00,False,1.5,1.4889922480620155,2025,NY
2025-04-11 05:25:00-07:00,False,-1.0,-1.041159420289856,2025,LONDON
2025-04-14 07:40:00-07:00,True,-1.0,-1.0119831223628692,2025,NY
2025-04-24 15:40:00-07:00,True,-1.0,-1.0423880597014923,2025,ASIA
2025-04-25 05:05:00-07:00,False,-1.0,-1.0507142857142866,2025,LONDON
2025-04-25 12:05:00-07:00,True,-1.0,-1.017639751552795,2025,NY
2025-05-21 12:55:00-07:00,False,0.5,0.49275510204081635,2025,NY
2025-06-04 08:45:00-07:00,False,-1.0,-1.0507142857142866,2025,NY
2025-07-18 12:00:00-07:00,False,-1.0,-1.0417647058823518,2025,NY
2025-09-26 11:00:00-07:00,True,0.5,0.4804137931034489,2025,NY
2025-10-09 09:40:00-07:00,False,0.5,0.4610958904109599,2025,NY
2025-11-26 10:15:00-08:00,True,1.5,1.4901045296167248,2025,NY
2025-12-02 12:40:00-08:00,False,1.5,1.43957446808511,2025,NY
2025-12-03 07:05:00-08:00,True,1.5,1.4865402843601898,2025,NY
2025-12-08 09:40:00-08:00,False,0.5,0.46844444444444605,2025,NY
2025-12-18 07:00:00-08:00,True,0.5,0.4897472924187725,2025,NY
2026-01-07 10:45:00-08:00,False,-1.0,-1.02272,2026,NY
2026-02-04 05:35:00-08:00,True,-1.0,-1.0319101123595502,2026,LONDON
2026-02-05 04:05:00-08:00,True,-1.0,-1.038378378378378,2026,LONDON
2026-02-19 05:25:00-08:00,False,1.5,1.4661904761904765,2026,LONDON
2026-03-03 02:55:00-08:00,False,-1.0,-1.0202857142857136,2026,LONDON
2026-03-03 21:05:00-08:00,False,-1.0,-1.0342168674698788,2026,ASIA
2026-03-06 11:05:00-08:00,False,1.5,1.4765289256198355,2026,NY
2026-03-11 11:10:00-07:00,False,-1.0,-1.0216793893129772,2026,NY
2026-03-13 06:20:00-07:00,True,0.5,0.4645,2026,LONDON
2026-03-18 11:35:00-07:00,False,1.5,1.48054794520548,2026,NY
2026-03-19 11:55:00-07:00,True,1.5,1.483583815028902,2026,NY
2026-06-03 07:20:00-07:00,False,-1.0,-1.0148691099476437,2026,NY
2026-06-18 03:15:00-07:00,True,-1.0,-1.0240677966101692,2026,LONDON
2026-07-13 15:55:00-07:00,False,0.5,0.4576119402985092,2026,ASIA
2026-07-13 19:55:00-07:00,False,-1.0,-1.029278350515463,2026,ASIA
2026-07-30 06:50:00-07:00,True,-1.0,-1.0308695652173905,2026,NY
2026-08-03 10:40:00-07:00,True,1.5,1.4653658536585359,2026,NY
2026-08-06 12:25:00-07:00,False,0.5,0.4541935483870988,2026,NY
