sample,utc,new_york,pacific,open,high,low,close
S01,2019-12-12T16:11:00+00:00,2019-12-12T11:11:00-05:00,2019-12-12T08:11:00-08:00,11790.0,11792.75,11788.75,11792.75
S01,2019-12-12T16:12:00+00:00,2019-12-12T11:12:00-05:00,2019-12-12T08:12:00-08:00,11791.5,11791.5,11788.0,11791.5
S01,2019-12-12T16:13:00+00:00,2019-12-12T11:13:00-05:00,2019-12-12T08:13:00-08:00,11790.75,11790.75,11785.75,11786.0
S01,2019-12-12T16:14:00+00:00,2019-12-12T11:14:00-05:00,2019-12-12T08:14:00-08:00,11785.75,11786.25,11783.25,11783.5
S01,2019-12-12T16:15:00+00:00,2019-12-12T11:15:00-05:00,2019-12-12T08:15:00-08:00,11784.25,11785.0,11782.0,11785.0
S01,2019-12-12T16:16:00+00:00,2019-12-12T11:16:00-05:00,2019-12-12T08:16:00-08:00,11785.75,11785.75,11782.5,11783.5
S01,2019-12-12T16:17:00+00:00,2019-12-12T11:17:00-05:00,2019-12-12T08:17:00-08:00,11783.5,11785.5,11780.75,11785.5
S01,2019-12-12T16:18:00+00:00,2019-12-12T11:18:00-05:00,2019-12-12T08:18:00-08:00,11785.5,11786.75,11784.0,11785.0
S01,2019-12-12T16:19:00+00:00,2019-12-12T11:19:00-05:00,2019-12-12T08:19:00-08:00,11785.5,11785.5,11782.75,11784.0
S01,2019-12-12T16:20:00+00:00,2019-12-12T11:20:00-05:00,2019-12-12T08:20:00-08:00,11782.75,11784.0,11781.75,11782.75
S01,2019-12-12T16:21:00+00:00,2019-12-12T11:21:00-05:00,2019-12-12T08:21:00-08:00,11783.25,11783.25,11777.25,11778.25
S01,2019-12-12T16:22:00+00:00,2019-12-12T11:22:00-05:00,2019-12-12T08:22:00-08:00,11777.0,11779.0,11774.0,11776.5
S01,2019-12-12T16:23:00+00:00,2019-12-12T11:23:00-05:00,2019-12-12T08:23:00-08:00,11776.5,11777.5,11775.5,11776.0
S01,2019-12-12T16:24:00+00:00,2019-12-12T11:24:00-05:00,2019-12-12T08:24:00-08:00,11775.5,11775.5,11772.25,11774.25
S01,2019-12-12T16:25:00+00:00,2019-12-12T11:25:00-05:00,2019-12-12T08:25:00-08:00,11772.75,11774.75,11771.25,11772.5
S01,2019-12-12T16:26:00+00:00,2019-12-12T11:26:00-05:00,2019-12-12T08:26:00-08:00,11771.75,11772.75,11770.0,11770.0
S01,2019-12-12T16:27:00+00:00,2019-12-12T11:27:00-05:00,2019-12-12T08:27:00-08:00,11770.0,11770.0,11766.0,11768.25
S01,2019-12-12T16:28:00+00:00,2019-12-12T11:28:00-05:00,2019-12-12T08:28:00-08:00,11768.25,11768.25,11763.5,11764.75
S01,2019-12-12T16:29:00+00:00,2019-12-12T11:29:00-05:00,2019-12-12T08:29:00-08:00,11764.25,11764.25,11761.75,11763.5
S01,2019-12-12T16:30:00+00:00,2019-12-12T11:30:00-05:00,2019-12-12T08:30:00-08:00,11763.25,11763.5,11759.0,11759.0
S01,2019-12-12T16:31:00+00:00,2019-12-12T11:31:00-05:00,2019-12-12T08:31:00-08:00,11759.0,11763.25,11756.25,11762.25
S02,2019-12-13T14:46:00+00:00,2019-12-13T09:46:00-05:00,2019-12-13T06:46:00-08:00,11792.75,11796.75,11785.5,11786.5
S02,2019-12-13T14:47:00+00:00,2019-12-13T09:47:00-05:00,2019-12-13T06:47:00-08:00,11786.5,11789.75,11785.25,11788.75
S02,2019-12-13T14:48:00+00:00,2019-12-13T09:48:00-05:00,2019-12-13T06:48:00-08:00,11789.0,11793.25,11785.75,11789.0
S02,2019-12-13T14:49:00+00:00,2019-12-13T09:49:00-05:00,2019-12-13T06:49:00-08:00,11789.25,11793.0,11788.5,11792.0
S02,2019-12-13T14:50:00+00:00,2019-12-13T09:50:00-05:00,2019-12-13T06:50:00-08:00,11792.25,11792.25,11785.5,11786.75
S02,2019-12-13T14:51:00+00:00,2019-12-13T09:51:00-05:00,2019-12-13T06:51:00-08:00,11786.75,11790.5,11785.0,11788.0
S02,2019-12-13T14:52:00+00:00,2019-12-13T09:52:00-05:00,2019-12-13T06:52:00-08:00,11788.25,11795.75,11787.75,11794.25
S02,2019-12-13T14:53:00+00:00,2019-12-13T09:53:00-05:00,2019-12-13T06:53:00-08:00,11794.5,11799.25,11794.25,11798.0
S03,2019-12-13T15:11:00+00:00,2019-12-13T10:11:00-05:00,2019-12-13T07:11:00-08:00,11835.75,11842.75,11834.5,11840.0
S03,2019-12-13T15:12:00+00:00,2019-12-13T10:12:00-05:00,2019-12-13T07:12:00-08:00,11839.75,11842.25,11833.25,11840.25
S03,2019-12-13T15:13:00+00:00,2019-12-13T10:13:00-05:00,2019-12-13T07:13:00-08:00,11840.25,11841.25,11834.0,11835.5
S03,2019-12-13T15:14:00+00:00,2019-12-13T10:14:00-05:00,2019-12-13T07:14:00-08:00,11835.25,11836.25,11828.0,11829.0
S03,2019-12-13T15:15:00+00:00,2019-12-13T10:15:00-05:00,2019-12-13T07:15:00-08:00,11829.25,11829.5,11812.75,11814.25
S03,2019-12-13T15:16:00+00:00,2019-12-13T10:16:00-05:00,2019-12-13T07:16:00-08:00,11814.25,11817.75,11807.0,11813.25
S03,2019-12-13T15:17:00+00:00,2019-12-13T10:17:00-05:00,2019-12-13T07:17:00-08:00,11813.0,11815.25,11809.75,11814.5
S03,2019-12-13T15:18:00+00:00,2019-12-13T10:18:00-05:00,2019-12-13T07:18:00-08:00,11814.5,11825.75,11814.0,11820.75
S03,2019-12-13T15:19:00+00:00,2019-12-13T10:19:00-05:00,2019-12-13T07:19:00-08:00,11820.25,11826.0,11818.5,11824.5
S03,2019-12-13T15:20:00+00:00,2019-12-13T10:20:00-05:00,2019-12-13T07:20:00-08:00,11824.25,11833.75,11822.75,11828.5
S03,2019-12-13T15:21:00+00:00,2019-12-13T10:21:00-05:00,2019-12-13T07:21:00-08:00,11828.75,11834.75,11825.25,11832.5
S03,2019-12-13T15:22:00+00:00,2019-12-13T10:22:00-05:00,2019-12-13T07:22:00-08:00,11832.25,11833.75,11826.75,11828.0
S03,2019-12-13T15:23:00+00:00,2019-12-13T10:23:00-05:00,2019-12-13T07:23:00-08:00,11828.0,11829.5,11825.25,11827.25
S03,2019-12-13T15:24:00+00:00,2019-12-13T10:24:00-05:00,2019-12-13T07:24:00-08:00,11827.25,11827.5,11823.0,11823.25
S03,2019-12-13T15:25:00+00:00,2019-12-13T10:25:00-05:00,2019-12-13T07:25:00-08:00,11823.0,11830.5,11821.25,11826.5
S03,2019-12-13T15:26:00+00:00,2019-12-13T10:26:00-05:00,2019-12-13T07:26:00-08:00,11826.0,11828.5,11822.75,11824.25
S03,2019-12-13T15:27:00+00:00,2019-12-13T10:27:00-05:00,2019-12-13T07:27:00-08:00,11824.5,11829.25,11822.75,11828.0
S03,2019-12-13T15:28:00+00:00,2019-12-13T10:28:00-05:00,2019-12-13T07:28:00-08:00,11827.5,11830.75,11816.25,11819.75
S03,2019-12-13T15:29:00+00:00,2019-12-13T10:29:00-05:00,2019-12-13T07:29:00-08:00,11820.0,11831.5,11815.75,11818.5
S03,2019-12-13T15:30:00+00:00,2019-12-13T10:30:00-05:00,2019-12-13T07:30:00-08:00,11817.75,11826.5,11814.75,11822.75
S03,2019-12-13T15:31:00+00:00,2019-12-13T10:31:00-05:00,2019-12-13T07:31:00-08:00,11822.75,11823.25,11801.0,11814.5
S03,2019-12-13T15:32:00+00:00,2019-12-13T10:32:00-05:00,2019-12-13T07:32:00-08:00,11814.5,11823.25,11809.0,11819.75
S03,2019-12-13T15:33:00+00:00,2019-12-13T10:33:00-05:00,2019-12-13T07:33:00-08:00,11819.5,11819.75,11814.75,11816.0
S03,2019-12-13T15:34:00+00:00,2019-12-13T10:34:00-05:00,2019-12-13T07:34:00-08:00,11816.0,11817.0,11809.0,11809.5
S03,2019-12-13T15:35:00+00:00,2019-12-13T10:35:00-05:00,2019-12-13T07:35:00-08:00,11809.0,11814.5,11808.75,11811.75
S03,2019-12-13T15:36:00+00:00,2019-12-13T10:36:00-05:00,2019-12-13T07:36:00-08:00,11811.75,11816.0,11803.5,11808.0
S03,2019-12-13T15:37:00+00:00,2019-12-13T10:37:00-05:00,2019-12-13T07:37:00-08:00,11807.75,11808.0,11796.5,11806.5
S03,2019-12-13T15:38:00+00:00,2019-12-13T10:38:00-05:00,2019-12-13T07:38:00-08:00,11805.75,11808.0,11796.0,11796.5
S03,2019-12-13T15:39:00+00:00,2019-12-13T10:39:00-05:00,2019-12-13T07:39:00-08:00,11796.25,11796.75,11787.25,11787.5
S03,2019-12-13T15:40:00+00:00,2019-12-13T10:40:00-05:00,2019-12-13T07:40:00-08:00,11787.75,11798.5,11787.0,11795.0
S03,2019-12-13T15:41:00+00:00,2019-12-13T10:41:00-05:00,2019-12-13T07:41:00-08:00,11795.0,11813.25,11793.25,11809.25
S03,2019-12-13T15:42:00+00:00,2019-12-13T10:42:00-05:00,2019-12-13T07:42:00-08:00,11809.0,11818.25,11808.75,11816.5
S03,2019-12-13T15:43:00+00:00,2019-12-13T10:43:00-05:00,2019-12-13T07:43:00-08:00,11816.25,11817.0,11808.75,11810.0
S03,2019-12-13T15:44:00+00:00,2019-12-13T10:44:00-05:00,2019-12-13T07:44:00-08:00,11809.5,11814.75,11809.0,11813.5
S03,2019-12-13T15:45:00+00:00,2019-12-13T10:45:00-05:00,2019-12-13T07:45:00-08:00,11813.5,11813.5,11807.5,11808.25
S03,2019-12-13T15:46:00+00:00,2019-12-13T10:46:00-05:00,2019-12-13T07:46:00-08:00,11808.0,11812.0,11802.5,11810.0
S03,2019-12-13T15:47:00+00:00,2019-12-13T10:47:00-05:00,2019-12-13T07:47:00-08:00,11809.5,11828.25,11807.75,11827.75
S03,2019-12-13T15:48:00+00:00,2019-12-13T10:48:00-05:00,2019-12-13T07:48:00-08:00,11827.5,11828.0,11817.0,11817.75
S03,2019-12-13T15:49:00+00:00,2019-12-13T10:49:00-05:00,2019-12-13T07:49:00-08:00,11817.5,11817.75,11812.75,11813.5
S03,2019-12-13T15:50:00+00:00,2019-12-13T10:50:00-05:00,2019-12-13T07:50:00-08:00,11813.25,11813.75,11807.0,11812.25
S03,2019-12-13T15:51:00+00:00,2019-12-13T10:51:00-05:00,2019-12-13T07:51:00-08:00,11812.75,11816.5,11807.75,11808.0
S03,2019-12-13T15:52:00+00:00,2019-12-13T10:52:00-05:00,2019-12-13T07:52:00-08:00,11807.75,11808.75,11803.5,11804.0
S03,2019-12-13T15:53:00+00:00,2019-12-13T10:53:00-05:00,2019-12-13T07:53:00-08:00,11804.0,11815.5,11803.5,11809.5
S03,2019-12-13T15:54:00+00:00,2019-12-13T10:54:00-05:00,2019-12-13T07:54:00-08:00,11809.5,11809.75,11804.25,11804.25
S03,2019-12-13T15:55:00+00:00,2019-12-13T10:55:00-05:00,2019-12-13T07:55:00-08:00,11804.25,11806.25,11795.5,11796.25
S03,2019-12-13T15:56:00+00:00,2019-12-13T10:56:00-05:00,2019-12-13T07:56:00-08:00,11796.5,11802.75,11795.75,11800.5
S03,2019-12-13T15:57:00+00:00,2019-12-13T10:57:00-05:00,2019-12-13T07:57:00-08:00,11800.5,11805.5,11798.75,11805.0
S03,2019-12-13T15:58:00+00:00,2019-12-13T10:58:00-05:00,2019-12-13T07:58:00-08:00,11805.25,11805.75,11797.25,11797.25
S03,2019-12-13T15:59:00+00:00,2019-12-13T10:59:00-05:00,2019-12-13T07:59:00-08:00,11797.0,11800.5,11796.0,11797.25
S03,2019-12-13T16:00:00+00:00,2019-12-13T11:00:00-05:00,2019-12-13T08:00:00-08:00,11797.0,11798.25,11793.5,11794.5
S03,2019-12-13T16:01:00+00:00,2019-12-13T11:01:00-05:00,2019-12-13T08:01:00-08:00,11794.5,11797.25,11790.5,11794.5
S03,2019-12-13T16:02:00+00:00,2019-12-13T11:02:00-05:00,2019-12-13T08:02:00-08:00,11794.25,11805.0,11792.5,11801.75
S03,2019-12-13T16:03:00+00:00,2019-12-13T11:03:00-05:00,2019-12-13T08:03:00-08:00,11802.0,11802.75,11795.5,11799.75
S03,2019-12-13T16:04:00+00:00,2019-12-13T11:04:00-05:00,2019-12-13T08:04:00-08:00,11799.75,11804.0,11798.0,11802.0
S03,2019-12-13T16:05:00+00:00,2019-12-13T11:05:00-05:00,2019-12-13T08:05:00-08:00,11802.0,11802.25,11796.0,11797.0
S03,2019-12-13T16:06:00+00:00,2019-12-13T11:06:00-05:00,2019-12-13T08:06:00-08:00,11797.5,11807.75,11797.25,11807.75
S03,2019-12-13T16:07:00+00:00,2019-12-13T11:07:00-05:00,2019-12-13T08:07:00-08:00,11807.5,11813.25,11806.5,11807.5
S03,2019-12-13T16:08:00+00:00,2019-12-13T11:08:00-05:00,2019-12-13T08:08:00-08:00,11807.25,11807.25,11801.75,11803.0
S03,2019-12-13T16:09:00+00:00,2019-12-13T11:09:00-05:00,2019-12-13T08:09:00-08:00,11803.5,11808.0,11803.25,11805.75
S03,2019-12-13T16:10:00+00:00,2019-12-13T11:10:00-05:00,2019-12-13T08:10:00-08:00,11805.0,11809.0,11804.25,11808.5
S03,2019-12-13T16:11:00+00:00,2019-12-13T11:11:00-05:00,2019-12-13T08:11:00-08:00,11808.75,11815.5,11808.5,11811.75
S03,2019-12-13T16:12:00+00:00,2019-12-13T11:12:00-05:00,2019-12-13T08:12:00-08:00,11811.75,11811.75,11809.0,11809.75
S03,2019-12-13T16:13:00+00:00,2019-12-13T11:13:00-05:00,2019-12-13T08:13:00-08:00,11809.5,11810.25,11804.75,11805.25
S03,2019-12-13T16:14:00+00:00,2019-12-13T11:14:00-05:00,2019-12-13T08:14:00-08:00,11805.5,11808.75,11803.25,11807.25
S03,2019-12-13T16:15:00+00:00,2019-12-13T11:15:00-05:00,2019-12-13T08:15:00-08:00,11807.25,11807.5,11803.0,11804.75
S03,2019-12-13T16:16:00+00:00,2019-12-13T11:16:00-05:00,2019-12-13T08:16:00-08:00,11804.75,11805.0,11798.25,11798.5
S03,2019-12-13T16:17:00+00:00,2019-12-13T11:17:00-05:00,2019-12-13T08:17:00-08:00,11798.75,11799.25,11795.5,11796.5
S03,2019-12-13T16:18:00+00:00,2019-12-13T11:18:00-05:00,2019-12-13T08:18:00-08:00,11796.25,11798.25,11794.25,11797.5
S03,2019-12-13T16:19:00+00:00,2019-12-13T11:19:00-05:00,2019-12-13T08:19:00-08:00,11797.5,11797.75,11793.75,11795.75
S03,2019-12-13T16:20:00+00:00,2019-12-13T11:20:00-05:00,2019-12-13T08:20:00-08:00,11796.0,11796.5,11790.75,11791.0
S03,2019-12-13T16:21:00+00:00,2019-12-13T11:21:00-05:00,2019-12-13T08:21:00-08:00,11791.0,11794.25,11787.0,11787.5
S03,2019-12-13T16:22:00+00:00,2019-12-13T11:22:00-05:00,2019-12-13T08:22:00-08:00,11787.25,11787.25,11782.5,11785.0
S03,2019-12-13T16:23:00+00:00,2019-12-13T11:23:00-05:00,2019-12-13T08:23:00-08:00,11785.0,11788.0,11784.0,11786.25
S03,2019-12-13T16:24:00+00:00,2019-12-13T11:24:00-05:00,2019-12-13T08:24:00-08:00,11786.0,11790.25,11785.5,11790.0
S03,2019-12-13T16:25:00+00:00,2019-12-13T11:25:00-05:00,2019-12-13T08:25:00-08:00,11790.0,11791.25,11783.75,11785.0
S03,2019-12-13T16:26:00+00:00,2019-12-13T11:26:00-05:00,2019-12-13T08:26:00-08:00,11784.75,11785.25,11782.0,11783.5
S03,2019-12-13T16:27:00+00:00,2019-12-13T11:27:00-05:00,2019-12-13T08:27:00-08:00,11783.25,11786.0,11779.75,11779.75
S03,2019-12-13T16:28:00+00:00,2019-12-13T11:28:00-05:00,2019-12-13T08:28:00-08:00,11779.75,11783.5,11779.5,11782.0
S03,2019-12-13T16:29:00+00:00,2019-12-13T11:29:00-05:00,2019-12-13T08:29:00-08:00,11782.0,11783.5,11778.5,11779.5
S03,2019-12-13T16:30:00+00:00,2019-12-13T11:30:00-05:00,2019-12-13T08:30:00-08:00,11779.5,11783.25,11778.0,11781.5
S03,2019-12-13T16:31:00+00:00,2019-12-13T11:31:00-05:00,2019-12-13T08:31:00-08:00,11781.0,11787.5,11779.25,11787.25
S03,2019-12-13T16:32:00+00:00,2019-12-13T11:32:00-05:00,2019-12-13T08:32:00-08:00,11787.0,11791.0,11786.5,11789.75
S03,2019-12-13T16:33:00+00:00,2019-12-13T11:33:00-05:00,2019-12-13T08:33:00-08:00,11789.75,11790.5,11786.25,11787.75
S03,2019-12-13T16:34:00+00:00,2019-12-13T11:34:00-05:00,2019-12-13T08:34:00-08:00,11788.0,11790.0,11786.0,11788.75
S03,2019-12-13T16:35:00+00:00,2019-12-13T11:35:00-05:00,2019-12-13T08:35:00-08:00,11788.75,11792.75,11786.5,11792.25
S03,2019-12-13T16:36:00+00:00,2019-12-13T11:36:00-05:00,2019-12-13T08:36:00-08:00,11792.25,11797.5,11790.75,11797.0
S03,2019-12-13T16:37:00+00:00,2019-12-13T11:37:00-05:00,2019-12-13T08:37:00-08:00,11797.0,11802.0,11796.75,11801.5
S03,2019-12-13T16:38:00+00:00,2019-12-13T11:38:00-05:00,2019-12-13T08:38:00-08:00,11802.0,11804.25,11798.75,11801.25
S03,2019-12-13T16:39:00+00:00,2019-12-13T11:39:00-05:00,2019-12-13T08:39:00-08:00,11801.25,11802.5,11798.5,11800.25
S03,2019-12-13T16:40:00+00:00,2019-12-13T11:40:00-05:00,2019-12-13T08:40:00-08:00,11800.25,11803.0,11799.25,11802.25
S03,2019-12-13T16:41:00+00:00,2019-12-13T11:41:00-05:00,2019-12-13T08:41:00-08:00,11802.25,11803.0,11800.0,11801.75
S03,2019-12-13T16:42:00+00:00,2019-12-13T11:42:00-05:00,2019-12-13T08:42:00-08:00,11801.75,11802.25,11799.25,11800.25
S03,2019-12-13T16:43:00+00:00,2019-12-13T11:43:00-05:00,2019-12-13T08:43:00-08:00,11800.0,11801.75,11799.75,11799.75
S03,2019-12-13T16:44:00+00:00,2019-12-13T11:44:00-05:00,2019-12-13T08:44:00-08:00,11799.5,11801.0,11798.25,11800.75
S03,2019-12-13T16:45:00+00:00,2019-12-13T11:45:00-05:00,2019-12-13T08:45:00-08:00,11800.75,11802.5,11798.75,11801.0
S03,2019-12-13T16:46:00+00:00,2019-12-13T11:46:00-05:00,2019-12-13T08:46:00-08:00,11801.0,11802.25,11799.75,11801.75
S03,2019-12-13T16:47:00+00:00,2019-12-13T11:47:00-05:00,2019-12-13T08:47:00-08:00,11802.0,11805.75,11801.25,11805.5
S03,2019-12-13T16:48:00+00:00,2019-12-13T11:48:00-05:00,2019-12-13T08:48:00-08:00,11805.25,11808.75,11803.75,11805.75
S03,2019-12-13T16:49:00+00:00,2019-12-13T11:49:00-05:00,2019-12-13T08:49:00-08:00,11805.75,11806.0,11804.25,11805.25
S03,2019-12-13T16:50:00+00:00,2019-12-13T11:50:00-05:00,2019-12-13T08:50:00-08:00,11805.0,11805.0,11800.5,11801.75
S03,2019-12-13T16:51:00+00:00,2019-12-13T11:51:00-05:00,2019-12-13T08:51:00-08:00,11802.0,11808.5,11802.0,11807.25
S03,2019-12-13T16:52:00+00:00,2019-12-13T11:52:00-05:00,2019-12-13T08:52:00-08:00,11807.5,11808.75,11805.75,11807.5
S03,2019-12-13T16:53:00+00:00,2019-12-13T11:53:00-05:00,2019-12-13T08:53:00-08:00,11807.5,11808.25,11805.5,11805.75
S03,2019-12-13T16:54:00+00:00,2019-12-13T11:54:00-05:00,2019-12-13T08:54:00-08:00,11805.25,11805.5,11803.5,11803.5
S03,2019-12-13T16:55:00+00:00,2019-12-13T11:55:00-05:00,2019-12-13T08:55:00-08:00,11804.0,11807.5,11803.75,11806.75
S03,2019-12-13T16:56:00+00:00,2019-12-13T11:56:00-05:00,2019-12-13T08:56:00-08:00,11806.75,11809.25,11806.25,11809.25
S03,2019-12-13T16:57:00+00:00,2019-12-13T11:57:00-05:00,2019-12-13T08:57:00-08:00,11809.25,11809.25,11807.0,11808.5
S03,2019-12-13T16:58:00+00:00,2019-12-13T11:58:00-05:00,2019-12-13T08:58:00-08:00,11808.5,11812.25,11807.5,11810.75
S03,2019-12-13T16:59:00+00:00,2019-12-13T11:59:00-05:00,2019-12-13T08:59:00-08:00,11810.75,11811.0,11807.25,11809.5
S03,2019-12-13T17:00:00+00:00,2019-12-13T12:00:00-05:00,2019-12-13T09:00:00-08:00,11809.75,11811.25,11808.75,11810.75
S04,2019-12-17T14:51:00+00:00,2019-12-17T09:51:00-05:00,2019-12-17T06:51:00-08:00,11894.75,11897.0,11894.5,11894.5
S04,2019-12-17T14:52:00+00:00,2019-12-17T09:52:00-05:00,2019-12-17T06:52:00-08:00,11894.75,11897.25,11894.25,11897.0
S04,2019-12-17T14:53:00+00:00,2019-12-17T09:53:00-05:00,2019-12-17T06:53:00-08:00,11897.0,11898.75,11894.75,11896.5
S04,2019-12-17T14:54:00+00:00,2019-12-17T09:54:00-05:00,2019-12-17T06:54:00-08:00,11896.25,11897.0,11894.5,11896.5
S04,2019-12-17T14:55:00+00:00,2019-12-17T09:55:00-05:00,2019-12-17T06:55:00-08:00,11896.0,11898.0,11894.5,11898.0
S04,2019-12-17T14:56:00+00:00,2019-12-17T09:56:00-05:00,2019-12-17T06:56:00-08:00,11898.0,11899.0,11896.5,11896.75
S04,2019-12-17T14:57:00+00:00,2019-12-17T09:57:00-05:00,2019-12-17T06:57:00-08:00,11896.75,11898.5,11896.25,11896.25
S04,2019-12-17T14:58:00+00:00,2019-12-17T09:58:00-05:00,2019-12-17T06:58:00-08:00,11896.25,11897.5,11895.0,11897.0
S04,2019-12-17T14:59:00+00:00,2019-12-17T09:59:00-05:00,2019-12-17T06:59:00-08:00,11897.0,11897.0,11893.25,11895.25
S05,2019-12-17T15:01:00+00:00,2019-12-17T10:01:00-05:00,2019-12-17T07:01:00-08:00,11895.5,11901.5,11893.25,11899.75
S05,2019-12-17T15:02:00+00:00,2019-12-17T10:02:00-05:00,2019-12-17T07:02:00-08:00,11899.5,11901.75,11899.0,11901.0
S05,2019-12-17T15:03:00+00:00,2019-12-17T10:03:00-05:00,2019-12-17T07:03:00-08:00,11901.0,11902.5,11899.25,11899.25
S05,2019-12-17T15:04:00+00:00,2019-12-17T10:04:00-05:00,2019-12-17T07:04:00-08:00,11899.25,11901.5,11899.0,11901.25
S05,2019-12-17T15:05:00+00:00,2019-12-17T10:05:00-05:00,2019-12-17T07:05:00-08:00,11901.25,11902.75,11901.0,11902.5
S05,2019-12-17T15:06:00+00:00,2019-12-17T10:06:00-05:00,2019-12-17T07:06:00-08:00,11902.75,11904.0,11902.0,11902.25
S05,2019-12-17T15:07:00+00:00,2019-12-17T10:07:00-05:00,2019-12-17T07:07:00-08:00,11902.25,11904.75,11901.0,11904.0
S05,2019-12-17T15:08:00+00:00,2019-12-17T10:08:00-05:00,2019-12-17T07:08:00-08:00,11904.25,11905.0,11903.0,11903.75
S05,2019-12-17T15:09:00+00:00,2019-12-17T10:09:00-05:00,2019-12-17T07:09:00-08:00,11903.75,11904.5,11901.75,11902.0
S05,2019-12-17T15:10:00+00:00,2019-12-17T10:10:00-05:00,2019-12-17T07:10:00-08:00,11901.75,11904.5,11901.75,11904.25
S05,2019-12-17T15:11:00+00:00,2019-12-17T10:11:00-05:00,2019-12-17T07:11:00-08:00,11904.0,11905.5,11903.0,11905.0
S05,2019-12-17T15:12:00+00:00,2019-12-17T10:12:00-05:00,2019-12-17T07:12:00-08:00,11905.0,11907.0,11904.0,11906.5
S05,2019-12-17T15:13:00+00:00,2019-12-17T10:13:00-05:00,2019-12-17T07:13:00-08:00,11906.75,11907.0,11905.75,11906.25
S05,2019-12-17T15:14:00+00:00,2019-12-17T10:14:00-05:00,2019-12-17T07:14:00-08:00,11906.25,11906.5,11904.75,11905.5
S05,2019-12-17T15:15:00+00:00,2019-12-17T10:15:00-05:00,2019-12-17T07:15:00-08:00,11905.75,11907.25,11905.25,11905.5
S05,2019-12-17T15:16:00+00:00,2019-12-17T10:16:00-05:00,2019-12-17T07:16:00-08:00,11905.25,11906.5,11902.25,11902.25
S05,2019-12-17T15:17:00+00:00,2019-12-17T10:17:00-05:00,2019-12-17T07:17:00-08:00,11902.25,11902.75,11899.5,11900.25
S05,2019-12-17T15:18:00+00:00,2019-12-17T10:18:00-05:00,2019-12-17T07:18:00-08:00,11900.25,11907.75,11899.75,11907.75
S05,2019-12-17T15:19:00+00:00,2019-12-17T10:19:00-05:00,2019-12-17T07:19:00-08:00,11907.75,11910.75,11907.5,11909.5
S05,2019-12-17T15:20:00+00:00,2019-12-17T10:20:00-05:00,2019-12-17T07:20:00-08:00,11909.5,11910.25,11908.0,11908.5
S05,2019-12-17T15:21:00+00:00,2019-12-17T10:21:00-05:00,2019-12-17T07:21:00-08:00,11908.5,11908.5,11905.5,11906.75
S05,2019-12-17T15:22:00+00:00,2019-12-17T10:22:00-05:00,2019-12-17T07:22:00-08:00,11907.0,11907.0,11903.75,11904.5
S05,2019-12-17T15:23:00+00:00,2019-12-17T10:23:00-05:00,2019-12-17T07:23:00-08:00,11904.5,11905.0,11903.0,11905.0
S05,2019-12-17T15:24:00+00:00,2019-12-17T10:24:00-05:00,2019-12-17T07:24:00-08:00,11905.0,11906.0,11903.5,11905.5
S05,2019-12-17T15:25:00+00:00,2019-12-17T10:25:00-05:00,2019-12-17T07:25:00-08:00,11905.75,11907.25,11904.75,11907.25
S05,2019-12-17T15:26:00+00:00,2019-12-17T10:26:00-05:00,2019-12-17T07:26:00-08:00,11907.25,11907.25,11905.25,11905.75
S05,2019-12-17T15:27:00+00:00,2019-12-17T10:27:00-05:00,2019-12-17T07:27:00-08:00,11905.75,11908.5,11905.5,11908.25
S05,2019-12-17T15:28:00+00:00,2019-12-17T10:28:00-05:00,2019-12-17T07:28:00-08:00,11908.5,11910.25,11908.0,11909.0
S05,2019-12-17T15:29:00+00:00,2019-12-17T10:29:00-05:00,2019-12-17T07:29:00-08:00,11908.75,11910.0,11908.0,11909.25
S05,2019-12-17T15:30:00+00:00,2019-12-17T10:30:00-05:00,2019-12-17T07:30:00-08:00,11909.0,11909.5,11907.25,11907.5
S05,2019-12-17T15:31:00+00:00,2019-12-17T10:31:00-05:00,2019-12-17T07:31:00-08:00,11907.5,11908.25,11905.5,11907.25
S05,2019-12-17T15:32:00+00:00,2019-12-17T10:32:00-05:00,2019-12-17T07:32:00-08:00,11907.0,11907.25,11905.0,11905.5
S05,2019-12-17T15:33:00+00:00,2019-12-17T10:33:00-05:00,2019-12-17T07:33:00-08:00,11905.5,11908.0,11905.25,11907.25
S05,2019-12-17T15:34:00+00:00,2019-12-17T10:34:00-05:00,2019-12-17T07:34:00-08:00,11907.5,11908.25,11905.75,11906.0
S05,2019-12-17T15:35:00+00:00,2019-12-17T10:35:00-05:00,2019-12-17T07:35:00-08:00,11906.0,11907.5,11905.25,11905.75
S05,2019-12-17T15:36:00+00:00,2019-12-17T10:36:00-05:00,2019-12-17T07:36:00-08:00,11905.75,11907.25,11905.25,11905.5
S05,2019-12-17T15:37:00+00:00,2019-12-17T10:37:00-05:00,2019-12-17T07:37:00-08:00,11905.5,11905.75,11904.0,11904.5
S05,2019-12-17T15:38:00+00:00,2019-12-17T10:38:00-05:00,2019-12-17T07:38:00-08:00,11904.5,11907.0,11904.0,11906.75
S05,2019-12-17T15:39:00+00:00,2019-12-17T10:39:00-05:00,2019-12-17T07:39:00-08:00,11907.0,11910.0,11907.0,11909.75
S05,2019-12-17T15:40:00+00:00,2019-12-17T10:40:00-05:00,2019-12-17T07:40:00-08:00,11909.75,11909.75,11906.75,11907.0
S05,2019-12-17T15:41:00+00:00,2019-12-17T10:41:00-05:00,2019-12-17T07:41:00-08:00,11907.0,11909.0,11906.5,11908.5
S05,2019-12-17T15:42:00+00:00,2019-12-17T10:42:00-05:00,2019-12-17T07:42:00-08:00,11908.75,11908.75,11904.5,11905.5
S05,2019-12-17T15:43:00+00:00,2019-12-17T10:43:00-05:00,2019-12-17T07:43:00-08:00,11905.5,11906.0,11904.0,11904.75
S05,2019-12-17T15:44:00+00:00,2019-12-17T10:44:00-05:00,2019-12-17T07:44:00-08:00,11904.5,11905.25,11904.0,11904.5
S05,2019-12-17T15:45:00+00:00,2019-12-17T10:45:00-05:00,2019-12-17T07:45:00-08:00,11904.5,11905.0,11904.0,11904.5
S05,2019-12-17T15:46:00+00:00,2019-12-17T10:46:00-05:00,2019-12-17T07:46:00-08:00,11904.75,11906.25,11904.25,11904.25
S05,2019-12-17T15:47:00+00:00,2019-12-17T10:47:00-05:00,2019-12-17T07:47:00-08:00,11904.0,11905.5,11903.5,11903.75
S05,2019-12-17T15:48:00+00:00,2019-12-17T10:48:00-05:00,2019-12-17T07:48:00-08:00,11904.25,11904.5,11901.5,11904.0
S05,2019-12-17T15:49:00+00:00,2019-12-17T10:49:00-05:00,2019-12-17T07:49:00-08:00,11904.0,11907.5,11903.75,11907.25
S05,2019-12-17T15:50:00+00:00,2019-12-17T10:50:00-05:00,2019-12-17T07:50:00-08:00,11907.25,11909.5,11906.25,11906.5
S05,2019-12-17T15:51:00+00:00,2019-12-17T10:51:00-05:00,2019-12-17T07:51:00-08:00,11906.5,11907.5,11906.0,11906.5
S05,2019-12-17T15:52:00+00:00,2019-12-17T10:52:00-05:00,2019-12-17T07:52:00-08:00,11906.5,11907.0,11905.75,11906.25
S05,2019-12-17T15:53:00+00:00,2019-12-17T10:53:00-05:00,2019-12-17T07:53:00-08:00,11906.25,11906.75,11904.25,11906.75
S05,2019-12-17T15:54:00+00:00,2019-12-17T10:54:00-05:00,2019-12-17T07:54:00-08:00,11906.75,11908.5,11906.75,11907.0
S05,2019-12-17T15:55:00+00:00,2019-12-17T10:55:00-05:00,2019-12-17T07:55:00-08:00,11907.0,11907.75,11905.25,11905.25
S05,2019-12-17T15:56:00+00:00,2019-12-17T10:56:00-05:00,2019-12-17T07:56:00-08:00,11905.25,11905.5,11902.0,11902.75
S05,2019-12-17T15:57:00+00:00,2019-12-17T10:57:00-05:00,2019-12-17T07:57:00-08:00,11902.75,11903.75,11902.0,11903.0
S05,2019-12-17T15:58:00+00:00,2019-12-17T10:58:00-05:00,2019-12-17T07:58:00-08:00,11903.0,11903.5,11900.75,11902.0
S05,2019-12-17T15:59:00+00:00,2019-12-17T10:59:00-05:00,2019-12-17T07:59:00-08:00,11902.0,11905.25,11901.5,11904.75
S05,2019-12-17T16:00:00+00:00,2019-12-17T11:00:00-05:00,2019-12-17T08:00:00-08:00,11904.5,11906.0,11898.25,11898.75
S05,2019-12-17T16:01:00+00:00,2019-12-17T11:01:00-05:00,2019-12-17T08:01:00-08:00,11898.75,11901.5,11898.5,11901.0
S05,2019-12-17T16:02:00+00:00,2019-12-17T11:02:00-05:00,2019-12-17T08:02:00-08:00,11900.75,11902.25,11900.75,11902.25
S05,2019-12-17T16:03:00+00:00,2019-12-17T11:03:00-05:00,2019-12-17T08:03:00-08:00,11902.0,11903.5,11901.0,11902.0
S05,2019-12-17T16:04:00+00:00,2019-12-17T11:04:00-05:00,2019-12-17T08:04:00-08:00,11902.0,11903.75,11901.75,11902.75
S05,2019-12-17T16:05:00+00:00,2019-12-17T11:05:00-05:00,2019-12-17T08:05:00-08:00,11902.75,11903.5,11902.0,11902.5
S05,2019-12-17T16:06:00+00:00,2019-12-17T11:06:00-05:00,2019-12-17T08:06:00-08:00,11902.25,11903.25,11902.0,11902.25
S05,2019-12-17T16:07:00+00:00,2019-12-17T11:07:00-05:00,2019-12-17T08:07:00-08:00,11902.25,11902.5,11901.0,11901.5
S05,2019-12-17T16:08:00+00:00,2019-12-17T11:08:00-05:00,2019-12-17T08:08:00-08:00,11901.25,11902.25,11900.0,11901.25
S05,2019-12-17T16:09:00+00:00,2019-12-17T11:09:00-05:00,2019-12-17T08:09:00-08:00,11901.25,11901.75,11899.0,11899.5
S05,2019-12-17T16:10:00+00:00,2019-12-17T11:10:00-05:00,2019-12-17T08:10:00-08:00,11899.75,11900.0,11897.75,11898.75
S05,2019-12-17T16:11:00+00:00,2019-12-17T11:11:00-05:00,2019-12-17T08:11:00-08:00,11898.75,11899.25,11897.5,11898.25
S05,2019-12-17T16:12:00+00:00,2019-12-17T11:12:00-05:00,2019-12-17T08:12:00-08:00,11898.0,11899.25,11897.5,11898.75
S05,2019-12-17T16:13:00+00:00,2019-12-17T11:13:00-05:00,2019-12-17T08:13:00-08:00,11898.75,11900.75,11898.5,11899.5
S05,2019-12-17T16:14:00+00:00,2019-12-17T11:14:00-05:00,2019-12-17T08:14:00-08:00,11899.5,11899.75,11897.5,11899.5
S05,2019-12-17T16:15:00+00:00,2019-12-17T11:15:00-05:00,2019-12-17T08:15:00-08:00,11899.25,11900.25,11897.75,11899.5
S05,2019-12-17T16:16:00+00:00,2019-12-17T11:16:00-05:00,2019-12-17T08:16:00-08:00,11899.5,11901.75,11899.25,11900.0
S05,2019-12-17T16:17:00+00:00,2019-12-17T11:17:00-05:00,2019-12-17T08:17:00-08:00,11899.75,11899.75,11898.0,11899.25
S05,2019-12-17T16:18:00+00:00,2019-12-17T11:18:00-05:00,2019-12-17T08:18:00-08:00,11899.25,11900.25,11897.75,11898.25
S05,2019-12-17T16:19:00+00:00,2019-12-17T11:19:00-05:00,2019-12-17T08:19:00-08:00,11898.25,11899.25,11897.75,11897.75
S05,2019-12-17T16:20:00+00:00,2019-12-17T11:20:00-05:00,2019-12-17T08:20:00-08:00,11897.5,11899.0,11897.0,11898.5
S05,2019-12-17T16:21:00+00:00,2019-12-17T11:21:00-05:00,2019-12-17T08:21:00-08:00,11898.25,11900.25,11897.25,11899.75
S05,2019-12-17T16:22:00+00:00,2019-12-17T11:22:00-05:00,2019-12-17T08:22:00-08:00,11899.5,11900.75,11899.25,11899.5
S05,2019-12-17T16:23:00+00:00,2019-12-17T11:23:00-05:00,2019-12-17T08:23:00-08:00,11899.75,11900.75,11898.25,11898.75
S05,2019-12-17T16:24:00+00:00,2019-12-17T11:24:00-05:00,2019-12-17T08:24:00-08:00,11898.75,11898.75,11896.5,11897.75
S05,2019-12-17T16:25:00+00:00,2019-12-17T11:25:00-05:00,2019-12-17T08:25:00-08:00,11897.75,11898.0,11896.75,11897.5
S05,2019-12-17T16:26:00+00:00,2019-12-17T11:26:00-05:00,2019-12-17T08:26:00-08:00,11897.25,11900.0,11897.0,11898.5
S05,2019-12-17T16:27:00+00:00,2019-12-17T11:27:00-05:00,2019-12-17T08:27:00-08:00,11898.0,11900.0,11898.0,11899.5
S05,2019-12-17T16:28:00+00:00,2019-12-17T11:28:00-05:00,2019-12-17T08:28:00-08:00,11899.0,11900.75,11899.0,11900.75
S05,2019-12-17T16:29:00+00:00,2019-12-17T11:29:00-05:00,2019-12-17T08:29:00-08:00,11901.0,11901.5,11899.25,11900.0
S05,2019-12-17T16:30:00+00:00,2019-12-17T11:30:00-05:00,2019-12-17T08:30:00-08:00,11900.0,11901.75,11898.5,11901.5
S05,2019-12-17T16:31:00+00:00,2019-12-17T11:31:00-05:00,2019-12-17T08:31:00-08:00,11901.5,11902.25,11899.25,11900.0
S05,2019-12-17T16:32:00+00:00,2019-12-17T11:32:00-05:00,2019-12-17T08:32:00-08:00,11899.75,11900.25,11897.0,11897.5
S05,2019-12-17T16:33:00+00:00,2019-12-17T11:33:00-05:00,2019-12-17T08:33:00-08:00,11897.25,11898.75,11897.0,11898.0
S05,2019-12-17T16:34:00+00:00,2019-12-17T11:34:00-05:00,2019-12-17T08:34:00-08:00,11897.75,11899.25,11897.75,11898.25
S05,2019-12-17T16:35:00+00:00,2019-12-17T11:35:00-05:00,2019-12-17T08:35:00-08:00,11898.0,11901.0,11898.0,11901.0
S05,2019-12-17T16:36:00+00:00,2019-12-17T11:36:00-05:00,2019-12-17T08:36:00-08:00,11901.0,11904.25,11899.75,11903.25
S05,2019-12-17T16:37:00+00:00,2019-12-17T11:37:00-05:00,2019-12-17T08:37:00-08:00,11903.25,11904.25,11902.0,11903.75
S05,2019-12-17T16:38:00+00:00,2019-12-17T11:38:00-05:00,2019-12-17T08:38:00-08:00,11903.5,11905.25,11903.0,11904.5
S05,2019-12-17T16:39:00+00:00,2019-12-17T11:39:00-05:00,2019-12-17T08:39:00-08:00,11904.75,11905.75,11904.75,11905.75
S05,2019-12-17T16:40:00+00:00,2019-12-17T11:40:00-05:00,2019-12-17T08:40:00-08:00,11905.75,11905.75,11904.25,11904.25
S05,2019-12-17T16:41:00+00:00,2019-12-17T11:41:00-05:00,2019-12-17T08:41:00-08:00,11904.25,11905.75,11904.25,11905.0
S05,2019-12-17T16:42:00+00:00,2019-12-17T11:42:00-05:00,2019-12-17T08:42:00-08:00,11905.0,11905.0,11903.25,11903.5
S05,2019-12-17T16:43:00+00:00,2019-12-17T11:43:00-05:00,2019-12-17T08:43:00-08:00,11903.5,11903.5,11902.25,11902.25
S05,2019-12-17T16:44:00+00:00,2019-12-17T11:44:00-05:00,2019-12-17T08:44:00-08:00,11902.5,11902.5,11900.75,11901.75
S05,2019-12-17T16:45:00+00:00,2019-12-17T11:45:00-05:00,2019-12-17T08:45:00-08:00,11902.0,11903.5,11901.75,11902.5
S05,2019-12-17T16:46:00+00:00,2019-12-17T11:46:00-05:00,2019-12-17T08:46:00-08:00,11902.5,11902.75,11897.25,11901.75
S05,2019-12-17T16:47:00+00:00,2019-12-17T11:47:00-05:00,2019-12-17T08:47:00-08:00,11901.5,11901.75,11900.25,11901.25
S05,2019-12-17T16:48:00+00:00,2019-12-17T11:48:00-05:00,2019-12-17T08:48:00-08:00,11901.5,11903.5,11901.25,11903.25
S05,2019-12-17T16:49:00+00:00,2019-12-17T11:49:00-05:00,2019-12-17T08:49:00-08:00,11903.25,11903.5,11901.5,11902.25
S05,2019-12-17T16:50:00+00:00,2019-12-17T11:50:00-05:00,2019-12-17T08:50:00-08:00,11902.25,11903.5,11901.75,11903.0
S05,2019-12-17T16:51:00+00:00,2019-12-17T11:51:00-05:00,2019-12-17T08:51:00-08:00,11903.0,11904.5,11903.0,11904.0
S05,2019-12-17T16:52:00+00:00,2019-12-17T11:52:00-05:00,2019-12-17T08:52:00-08:00,11903.75,11904.0,11901.5,11901.5
S05,2019-12-17T16:53:00+00:00,2019-12-17T11:53:00-05:00,2019-12-17T08:53:00-08:00,11901.75,11901.75,11899.5,11900.75
S05,2019-12-17T16:54:00+00:00,2019-12-17T11:54:00-05:00,2019-12-17T08:54:00-08:00,11900.75,11901.75,11900.25,11901.25
S05,2019-12-17T16:55:00+00:00,2019-12-17T11:55:00-05:00,2019-12-17T08:55:00-08:00,11901.5,11902.0,11900.75,11901.5
S05,2019-12-17T16:56:00+00:00,2019-12-17T11:56:00-05:00,2019-12-17T08:56:00-08:00,11901.5,11902.25,11900.0,11900.5
S05,2019-12-17T16:57:00+00:00,2019-12-17T11:57:00-05:00,2019-12-17T08:57:00-08:00,11900.25,11901.0,11899.5,11900.0
S05,2019-12-17T16:58:00+00:00,2019-12-17T11:58:00-05:00,2019-12-17T08:58:00-08:00,11900.0,11901.75,11900.0,11901.5
S05,2019-12-17T16:59:00+00:00,2019-12-17T11:59:00-05:00,2019-12-17T08:59:00-08:00,11901.5,11903.5,11901.0,11903.0
S05,2019-12-17T17:00:00+00:00,2019-12-17T12:00:00-05:00,2019-12-17T09:00:00-08:00,11903.25,11903.25,11901.75,11902.0
S06,2019-12-18T14:46:00+00:00,2019-12-18T09:46:00-05:00,2019-12-18T06:46:00-08:00,11923.75,11925.0,11921.25,11921.5
S06,2019-12-18T14:47:00+00:00,2019-12-18T09:47:00-05:00,2019-12-18T06:47:00-08:00,11921.5,11922.75,11920.25,11921.5
S06,2019-12-18T14:48:00+00:00,2019-12-18T09:48:00-05:00,2019-12-18T06:48:00-08:00,11921.75,11922.0,11917.25,11918.25
S06,2019-12-18T14:49:00+00:00,2019-12-18T09:49:00-05:00,2019-12-18T06:49:00-08:00,11918.25,11918.5,11912.25,11914.25
S06,2019-12-18T14:50:00+00:00,2019-12-18T09:50:00-05:00,2019-12-18T06:50:00-08:00,11914.0,11916.5,11913.75,11915.5
S06,2019-12-18T14:51:00+00:00,2019-12-18T09:51:00-05:00,2019-12-18T06:51:00-08:00,11915.5,11915.75,11913.25,11914.75
S06,2019-12-18T14:52:00+00:00,2019-12-18T09:52:00-05:00,2019-12-18T06:52:00-08:00,11915.0,11916.0,11913.0,11915.0
S06,2019-12-18T14:53:00+00:00,2019-12-18T09:53:00-05:00,2019-12-18T06:53:00-08:00,11915.0,11915.25,11913.0,11913.25
S06,2019-12-18T14:54:00+00:00,2019-12-18T09:54:00-05:00,2019-12-18T06:54:00-08:00,11913.0,11914.5,11911.25,11914.25
S06,2019-12-18T14:55:00+00:00,2019-12-18T09:55:00-05:00,2019-12-18T06:55:00-08:00,11914.25,11916.75,11913.75,11916.5
S06,2019-12-18T14:56:00+00:00,2019-12-18T09:56:00-05:00,2019-12-18T06:56:00-08:00,11916.5,11916.5,11912.5,11913.5
S06,2019-12-18T14:57:00+00:00,2019-12-18T09:57:00-05:00,2019-12-18T06:57:00-08:00,11913.5,11915.0,11912.5,11913.0
S06,2019-12-18T14:58:00+00:00,2019-12-18T09:58:00-05:00,2019-12-18T06:58:00-08:00,11912.75,11914.0,11911.25,11912.5
S06,2019-12-18T14:59:00+00:00,2019-12-18T09:59:00-05:00,2019-12-18T06:59:00-08:00,11912.5,11914.0,11909.25,11909.5
S06,2019-12-18T15:00:00+00:00,2019-12-18T10:00:00-05:00,2019-12-18T07:00:00-08:00,11909.5,11910.75,11909.0,11910.5
S06,2019-12-18T15:01:00+00:00,2019-12-18T10:01:00-05:00,2019-12-18T07:01:00-08:00,11910.25,11910.75,11906.5,11907.5
S06,2019-12-18T15:02:00+00:00,2019-12-18T10:02:00-05:00,2019-12-18T07:02:00-08:00,11907.5,11908.5,11905.5,11908.5
S06,2019-12-18T15:03:00+00:00,2019-12-18T10:03:00-05:00,2019-12-18T07:03:00-08:00,11908.75,11910.5,11908.0,11909.75
S06,2019-12-18T15:04:00+00:00,2019-12-18T10:04:00-05:00,2019-12-18T07:04:00-08:00,11910.0,11910.5,11907.25,11910.25
S06,2019-12-18T15:05:00+00:00,2019-12-18T10:05:00-05:00,2019-12-18T07:05:00-08:00,11910.5,11912.75,11910.25,11912.25
S06,2019-12-18T15:06:00+00:00,2019-12-18T10:06:00-05:00,2019-12-18T07:06:00-08:00,11912.25,11912.5,11910.0,11911.25
S06,2019-12-18T15:07:00+00:00,2019-12-18T10:07:00-05:00,2019-12-18T07:07:00-08:00,11911.25,11911.75,11910.25,11910.75
S06,2019-12-18T15:08:00+00:00,2019-12-18T10:08:00-05:00,2019-12-18T07:08:00-08:00,11910.75,11911.5,11910.0,11910.5
S06,2019-12-18T15:09:00+00:00,2019-12-18T10:09:00-05:00,2019-12-18T07:09:00-08:00,11910.5,11911.25,11910.0,11911.25
S06,2019-12-18T15:10:00+00:00,2019-12-18T10:10:00-05:00,2019-12-18T07:10:00-08:00,11911.25,11911.5,11908.25,11910.25
S06,2019-12-18T15:11:00+00:00,2019-12-18T10:11:00-05:00,2019-12-18T07:11:00-08:00,11910.0,11910.25,11907.25,11907.5
S06,2019-12-18T15:12:00+00:00,2019-12-18T10:12:00-05:00,2019-12-18T07:12:00-08:00,11907.75,11908.0,11904.5,11908.0
S06,2019-12-18T15:13:00+00:00,2019-12-18T10:13:00-05:00,2019-12-18T07:13:00-08:00,11908.0,11911.5,11908.0,11911.25
S06,2019-12-18T15:14:00+00:00,2019-12-18T10:14:00-05:00,2019-12-18T07:14:00-08:00,11911.25,11912.5,11910.5,11911.5
S06,2019-12-18T15:15:00+00:00,2019-12-18T10:15:00-05:00,2019-12-18T07:15:00-08:00,11912.0,11914.75,11911.5,11914.25
S06,2019-12-18T15:16:00+00:00,2019-12-18T10:16:00-05:00,2019-12-18T07:16:00-08:00,11914.0,11914.5,11912.5,11914.25
S06,2019-12-18T15:17:00+00:00,2019-12-18T10:17:00-05:00,2019-12-18T07:17:00-08:00,11914.25,11915.75,11914.25,11915.25
S06,2019-12-18T15:18:00+00:00,2019-12-18T10:18:00-05:00,2019-12-18T07:18:00-08:00,11915.5,11917.5,11915.0,11916.25
S06,2019-12-18T15:19:00+00:00,2019-12-18T10:19:00-05:00,2019-12-18T07:19:00-08:00,11916.25,11918.5,11915.75,11917.5
S06,2019-12-18T15:20:00+00:00,2019-12-18T10:20:00-05:00,2019-12-18T07:20:00-08:00,11917.25,11918.0,11916.5,11917.25
S06,2019-12-18T15:21:00+00:00,2019-12-18T10:21:00-05:00,2019-12-18T07:21:00-08:00,11917.5,11917.75,11915.75,11916.0
S06,2019-12-18T15:22:00+00:00,2019-12-18T10:22:00-05:00,2019-12-18T07:22:00-08:00,11916.0,11917.0,11915.5,11916.5
S06,2019-12-18T15:23:00+00:00,2019-12-18T10:23:00-05:00,2019-12-18T07:23:00-08:00,11916.5,11916.75,11914.5,11915.25
S06,2019-12-18T15:24:00+00:00,2019-12-18T10:24:00-05:00,2019-12-18T07:24:00-08:00,11915.25,11915.5,11914.25,11915.25
S06,2019-12-18T15:25:00+00:00,2019-12-18T10:25:00-05:00,2019-12-18T07:25:00-08:00,11915.0,11915.5,11913.75,11915.5
S06,2019-12-18T15:26:00+00:00,2019-12-18T10:26:00-05:00,2019-12-18T07:26:00-08:00,11915.25,11916.25,11914.25,11916.0
S06,2019-12-18T15:27:00+00:00,2019-12-18T10:27:00-05:00,2019-12-18T07:27:00-08:00,11916.0,11917.25,11915.25,11915.5
S06,2019-12-18T15:28:00+00:00,2019-12-18T10:28:00-05:00,2019-12-18T07:28:00-08:00,11915.75,11915.75,11914.0,11914.5
S06,2019-12-18T15:29:00+00:00,2019-12-18T10:29:00-05:00,2019-12-18T07:29:00-08:00,11914.75,11916.0,11913.75,11915.25
S06,2019-12-18T15:30:00+00:00,2019-12-18T10:30:00-05:00,2019-12-18T07:30:00-08:00,11915.25,11915.25,11913.0,11913.75
S06,2019-12-18T15:31:00+00:00,2019-12-18T10:31:00-05:00,2019-12-18T07:31:00-08:00,11913.75,11916.5,11913.0,11916.5
S06,2019-12-18T15:32:00+00:00,2019-12-18T10:32:00-05:00,2019-12-18T07:32:00-08:00,11916.25,11917.75,11916.0,11916.75
S06,2019-12-18T15:33:00+00:00,2019-12-18T10:33:00-05:00,2019-12-18T07:33:00-08:00,11917.0,11917.5,11915.5,11915.5
S06,2019-12-18T15:34:00+00:00,2019-12-18T10:34:00-05:00,2019-12-18T07:34:00-08:00,11915.5,11916.25,11912.0,11914.5
S06,2019-12-18T15:35:00+00:00,2019-12-18T10:35:00-05:00,2019-12-18T07:35:00-08:00,11914.5,11916.25,11914.25,11915.25
S06,2019-12-18T15:36:00+00:00,2019-12-18T10:36:00-05:00,2019-12-18T07:36:00-08:00,11915.25,11916.75,11915.0,11915.0
S06,2019-12-18T15:37:00+00:00,2019-12-18T10:37:00-05:00,2019-12-18T07:37:00-08:00,11915.25,11916.25,11913.75,11916.0
S06,2019-12-18T15:38:00+00:00,2019-12-18T10:38:00-05:00,2019-12-18T07:38:00-08:00,11916.0,11917.25,11915.75,11916.5
S06,2019-12-18T15:39:00+00:00,2019-12-18T10:39:00-05:00,2019-12-18T07:39:00-08:00,11916.5,11917.5,11916.0,11917.0
S06,2019-12-18T15:40:00+00:00,2019-12-18T10:40:00-05:00,2019-12-18T07:40:00-08:00,11917.0,11921.0,11917.0,11919.5
S06,2019-12-18T15:41:00+00:00,2019-12-18T10:41:00-05:00,2019-12-18T07:41:00-08:00,11919.5,11921.0,11919.0,11920.0
S06,2019-12-18T15:42:00+00:00,2019-12-18T10:42:00-05:00,2019-12-18T07:42:00-08:00,11920.25,11921.75,11920.25,11921.25
S06,2019-12-18T15:43:00+00:00,2019-12-18T10:43:00-05:00,2019-12-18T07:43:00-08:00,11921.0,11921.25,11918.25,11918.5
S06,2019-12-18T15:44:00+00:00,2019-12-18T10:44:00-05:00,2019-12-18T07:44:00-08:00,11918.75,11919.5,11917.25,11919.25
S06,2019-12-18T15:45:00+00:00,2019-12-18T10:45:00-05:00,2019-12-18T07:45:00-08:00,11919.25,11919.5,11917.75,11918.25
S06,2019-12-18T15:46:00+00:00,2019-12-18T10:46:00-05:00,2019-12-18T07:46:00-08:00,11918.0,11918.75,11916.25,11917.25
S06,2019-12-18T15:47:00+00:00,2019-12-18T10:47:00-05:00,2019-12-18T07:47:00-08:00,11917.0,11918.5,11916.0,11916.25
S06,2019-12-18T15:48:00+00:00,2019-12-18T10:48:00-05:00,2019-12-18T07:48:00-08:00,11916.75,11918.5,11916.75,11917.5
S06,2019-12-18T15:49:00+00:00,2019-12-18T10:49:00-05:00,2019-12-18T07:49:00-08:00,11917.5,11919.5,11917.5,11918.25
S06,2019-12-18T15:50:00+00:00,2019-12-18T10:50:00-05:00,2019-12-18T07:50:00-08:00,11918.5,11919.25,11917.5,11919.0
S06,2019-12-18T15:51:00+00:00,2019-12-18T10:51:00-05:00,2019-12-18T07:51:00-08:00,11918.75,11921.25,11918.75,11921.0
S06,2019-12-18T15:52:00+00:00,2019-12-18T10:52:00-05:00,2019-12-18T07:52:00-08:00,11921.0,11923.25,11920.5,11921.5
S06,2019-12-18T15:53:00+00:00,2019-12-18T10:53:00-05:00,2019-12-18T07:53:00-08:00,11921.75,11922.25,11921.0,11921.0
S06,2019-12-18T15:54:00+00:00,2019-12-18T10:54:00-05:00,2019-12-18T07:54:00-08:00,11920.75,11921.0,11920.0,11920.75
S06,2019-12-18T15:55:00+00:00,2019-12-18T10:55:00-05:00,2019-12-18T07:55:00-08:00,11920.75,11921.75,11920.0,11921.75
S06,2019-12-18T15:56:00+00:00,2019-12-18T10:56:00-05:00,2019-12-18T07:56:00-08:00,11921.75,11922.75,11920.5,11922.25
S06,2019-12-18T15:57:00+00:00,2019-12-18T10:57:00-05:00,2019-12-18T07:57:00-08:00,11922.0,11923.0,11920.75,11921.25
S06,2019-12-18T15:58:00+00:00,2019-12-18T10:58:00-05:00,2019-12-18T07:58:00-08:00,11921.25,11924.25,11921.0,11923.25
S06,2019-12-18T15:59:00+00:00,2019-12-18T10:59:00-05:00,2019-12-18T07:59:00-08:00,11923.0,11924.0,11922.0,11923.75
S06,2019-12-18T16:00:00+00:00,2019-12-18T11:00:00-05:00,2019-12-18T08:00:00-08:00,11923.75,11924.0,11921.25,11921.75
S06,2019-12-18T16:01:00+00:00,2019-12-18T11:01:00-05:00,2019-12-18T08:01:00-08:00,11921.75,11921.75,11919.25,11920.5
S06,2019-12-18T16:02:00+00:00,2019-12-18T11:02:00-05:00,2019-12-18T08:02:00-08:00,11920.25,11921.75,11920.25,11921.5
S06,2019-12-18T16:03:00+00:00,2019-12-18T11:03:00-05:00,2019-12-18T08:03:00-08:00,11921.75,11921.75,11920.25,11921.0
S06,2019-12-18T16:04:00+00:00,2019-12-18T11:04:00-05:00,2019-12-18T08:04:00-08:00,11921.25,11921.5,11920.25,11921.0
S06,2019-12-18T16:05:00+00:00,2019-12-18T11:05:00-05:00,2019-12-18T08:05:00-08:00,11921.0,11922.0,11920.75,11921.75
S06,2019-12-18T16:06:00+00:00,2019-12-18T11:06:00-05:00,2019-12-18T08:06:00-08:00,11921.5,11921.75,11920.0,11920.5
S06,2019-12-18T16:07:00+00:00,2019-12-18T11:07:00-05:00,2019-12-18T08:07:00-08:00,11920.25,11920.75,11918.75,11919.25
S06,2019-12-18T16:08:00+00:00,2019-12-18T11:08:00-05:00,2019-12-18T08:08:00-08:00,11919.0,11919.75,11918.25,11918.5
S06,2019-12-18T16:09:00+00:00,2019-12-18T11:09:00-05:00,2019-12-18T08:09:00-08:00,11918.5,11919.0,11917.75,11918.0
S06,2019-12-18T16:10:00+00:00,2019-12-18T11:10:00-05:00,2019-12-18T08:10:00-08:00,11918.25,11918.5,11916.25,11917.5
S06,2019-12-18T16:11:00+00:00,2019-12-18T11:11:00-05:00,2019-12-18T08:11:00-08:00,11917.5,11918.0,11916.5,11917.0
S06,2019-12-18T16:12:00+00:00,2019-12-18T11:12:00-05:00,2019-12-18T08:12:00-08:00,11917.0,11917.25,11915.5,11917.0
S06,2019-12-18T16:13:00+00:00,2019-12-18T11:13:00-05:00,2019-12-18T08:13:00-08:00,11916.75,11920.25,11916.25,11919.75
S06,2019-12-18T16:14:00+00:00,2019-12-18T11:14:00-05:00,2019-12-18T08:14:00-08:00,11920.0,11921.25,11919.5,11920.25
S06,2019-12-18T16:15:00+00:00,2019-12-18T11:15:00-05:00,2019-12-18T08:15:00-08:00,11920.0,11921.75,11919.75,11921.25
S06,2019-12-18T16:16:00+00:00,2019-12-18T11:16:00-05:00,2019-12-18T08:16:00-08:00,11921.0,11923.5,11920.75,11923.25
S06,2019-12-18T16:17:00+00:00,2019-12-18T11:17:00-05:00,2019-12-18T08:17:00-08:00,11923.5,11932.0,11923.5,11930.25
S07,2020-01-06T14:41:00+00:00,2020-01-06T09:41:00-05:00,2020-01-06T06:41:00-08:00,12062.5,12068.0,12061.0,12068.0
S07,2020-01-06T14:42:00+00:00,2020-01-06T09:42:00-05:00,2020-01-06T06:42:00-08:00,12068.25,12070.0,12065.0,12066.75
S07,2020-01-06T14:43:00+00:00,2020-01-06T09:43:00-05:00,2020-01-06T06:43:00-08:00,12066.5,12068.5,12064.25,12068.5
S07,2020-01-06T14:44:00+00:00,2020-01-06T09:44:00-05:00,2020-01-06T06:44:00-08:00,12068.25,12072.0,12067.75,12071.5
S07,2020-01-06T14:45:00+00:00,2020-01-06T09:45:00-05:00,2020-01-06T06:45:00-08:00,12071.75,12072.75,12069.0,12071.5
S07,2020-01-06T14:46:00+00:00,2020-01-06T09:46:00-05:00,2020-01-06T06:46:00-08:00,12071.25,12074.0,12068.5,12074.0
S07,2020-01-06T14:47:00+00:00,2020-01-06T09:47:00-05:00,2020-01-06T06:47:00-08:00,12074.0,12081.0,12073.0,12080.25
S07,2020-01-06T14:48:00+00:00,2020-01-06T09:48:00-05:00,2020-01-06T06:48:00-08:00,12080.25,12084.5,12079.25,12082.25
S07,2020-01-06T14:49:00+00:00,2020-01-06T09:49:00-05:00,2020-01-06T06:49:00-08:00,12082.5,12085.25,12081.0,12084.0
S07,2020-01-06T14:50:00+00:00,2020-01-06T09:50:00-05:00,2020-01-06T06:50:00-08:00,12084.0,12085.75,12078.5,12080.25
S07,2020-01-06T14:51:00+00:00,2020-01-06T09:51:00-05:00,2020-01-06T06:51:00-08:00,12080.75,12088.5,12080.75,12087.75
S07,2020-01-06T14:52:00+00:00,2020-01-06T09:52:00-05:00,2020-01-06T06:52:00-08:00,12088.0,12091.0,12086.0,12090.0
S07,2020-01-06T14:53:00+00:00,2020-01-06T09:53:00-05:00,2020-01-06T06:53:00-08:00,12090.0,12090.5,12085.0,12086.25
S07,2020-01-06T14:54:00+00:00,2020-01-06T09:54:00-05:00,2020-01-06T06:54:00-08:00,12086.0,12087.0,12083.5,12084.25
S07,2020-01-06T14:55:00+00:00,2020-01-06T09:55:00-05:00,2020-01-06T06:55:00-08:00,12084.5,12085.75,12082.25,12083.0
S07,2020-01-06T14:56:00+00:00,2020-01-06T09:56:00-05:00,2020-01-06T06:56:00-08:00,12083.0,12090.5,12078.5,12090.0
S07,2020-01-06T14:57:00+00:00,2020-01-06T09:57:00-05:00,2020-01-06T06:57:00-08:00,12089.75,12091.0,12083.75,12090.5
S07,2020-01-06T14:58:00+00:00,2020-01-06T09:58:00-05:00,2020-01-06T06:58:00-08:00,12090.75,12094.0,12088.25,12092.75
S07,2020-01-06T14:59:00+00:00,2020-01-06T09:59:00-05:00,2020-01-06T06:59:00-08:00,12092.75,12097.5,12090.0,12097.0
S07,2020-01-06T15:00:00+00:00,2020-01-06T10:00:00-05:00,2020-01-06T07:00:00-08:00,12097.0,12097.0,12091.75,12094.5
S07,2020-01-06T15:01:00+00:00,2020-01-06T10:01:00-05:00,2020-01-06T07:01:00-08:00,12094.25,12096.75,12089.25,12090.25
S07,2020-01-06T15:02:00+00:00,2020-01-06T10:02:00-05:00,2020-01-06T07:02:00-08:00,12090.5,12095.5,12090.25,12094.75
S07,2020-01-06T15:03:00+00:00,2020-01-06T10:03:00-05:00,2020-01-06T07:03:00-08:00,12095.0,12098.0,12093.75,12096.75
S07,2020-01-06T15:04:00+00:00,2020-01-06T10:04:00-05:00,2020-01-06T07:04:00-08:00,12096.75,12099.25,12093.25,12097.75
S08,2020-01-07T14:46:00+00:00,2020-01-07T09:46:00-05:00,2020-01-07T06:46:00-08:00,12134.25,12141.75,12131.5,12136.0
S08,2020-01-07T14:47:00+00:00,2020-01-07T09:47:00-05:00,2020-01-07T06:47:00-08:00,12135.75,12138.75,12132.25,12138.75
S08,2020-01-07T14:48:00+00:00,2020-01-07T09:48:00-05:00,2020-01-07T06:48:00-08:00,12138.5,12139.25,12133.0,12135.0
S08,2020-01-07T14:49:00+00:00,2020-01-07T09:49:00-05:00,2020-01-07T06:49:00-08:00,12134.75,12139.5,12132.75,12138.0
S08,2020-01-07T14:50:00+00:00,2020-01-07T09:50:00-05:00,2020-01-07T06:50:00-08:00,12138.0,12144.75,12137.5,12143.5
S08,2020-01-07T14:51:00+00:00,2020-01-07T09:51:00-05:00,2020-01-07T06:51:00-08:00,12143.5,12144.25,12137.0,12140.5
S08,2020-01-07T14:52:00+00:00,2020-01-07T09:52:00-05:00,2020-01-07T06:52:00-08:00,12140.5,12145.75,12139.0,12145.5
S08,2020-01-07T14:53:00+00:00,2020-01-07T09:53:00-05:00,2020-01-07T06:53:00-08:00,12145.5,12150.0,12145.0,12146.5
S08,2020-01-07T14:54:00+00:00,2020-01-07T09:54:00-05:00,2020-01-07T06:54:00-08:00,12146.5,12146.5,12142.25,12143.75
S08,2020-01-07T14:55:00+00:00,2020-01-07T09:55:00-05:00,2020-01-07T06:55:00-08:00,12143.75,12144.0,12136.0,12139.0
S08,2020-01-07T14:56:00+00:00,2020-01-07T09:56:00-05:00,2020-01-07T06:56:00-08:00,12138.75,12145.0,12137.25,12142.0
S08,2020-01-07T14:57:00+00:00,2020-01-07T09:57:00-05:00,2020-01-07T06:57:00-08:00,12141.75,12147.0,12140.75,12146.75
S08,2020-01-07T14:58:00+00:00,2020-01-07T09:58:00-05:00,2020-01-07T06:58:00-08:00,12146.75,12148.0,12144.5,12146.0
S08,2020-01-07T14:59:00+00:00,2020-01-07T09:59:00-05:00,2020-01-07T06:59:00-08:00,12146.0,12152.25,12144.25,12152.0
S08,2020-01-07T15:00:00+00:00,2020-01-07T10:00:00-05:00,2020-01-07T07:00:00-08:00,12151.75,12159.5,12151.0,12153.75
S08,2020-01-07T15:01:00+00:00,2020-01-07T10:01:00-05:00,2020-01-07T07:01:00-08:00,12154.0,12166.75,12154.0,12161.5
S08,2020-01-07T15:02:00+00:00,2020-01-07T10:02:00-05:00,2020-01-07T07:02:00-08:00,12161.25,12162.5,12156.0,12158.25
S08,2020-01-07T15:03:00+00:00,2020-01-07T10:03:00-05:00,2020-01-07T07:03:00-08:00,12158.25,12160.75,12154.5,12158.5
S08,2020-01-07T15:04:00+00:00,2020-01-07T10:04:00-05:00,2020-01-07T07:04:00-08:00,12158.5,12164.5,12158.5,12162.75
S08,2020-01-07T15:05:00+00:00,2020-01-07T10:05:00-05:00,2020-01-07T07:05:00-08:00,12162.75,12163.5,12158.75,12160.5
S08,2020-01-07T15:06:00+00:00,2020-01-07T10:06:00-05:00,2020-01-07T07:06:00-08:00,12160.75,12161.0,12158.25,12160.0
S08,2020-01-07T15:07:00+00:00,2020-01-07T10:07:00-05:00,2020-01-07T07:07:00-08:00,12160.0,12165.25,12154.25,12165.0
S08,2020-01-07T15:08:00+00:00,2020-01-07T10:08:00-05:00,2020-01-07T07:08:00-08:00,12164.75,12167.75,12162.5,12163.0
S08,2020-01-07T15:09:00+00:00,2020-01-07T10:09:00-05:00,2020-01-07T07:09:00-08:00,12162.75,12164.25,12158.75,12161.75
S08,2020-01-07T15:10:00+00:00,2020-01-07T10:10:00-05:00,2020-01-07T07:10:00-08:00,12161.75,12163.5,12159.25,12162.0
S08,2020-01-07T15:11:00+00:00,2020-01-07T10:11:00-05:00,2020-01-07T07:11:00-08:00,12162.0,12164.75,12159.5,12161.0
S08,2020-01-07T15:12:00+00:00,2020-01-07T10:12:00-05:00,2020-01-07T07:12:00-08:00,12161.25,12162.75,12159.5,12162.25
S08,2020-01-07T15:13:00+00:00,2020-01-07T10:13:00-05:00,2020-01-07T07:13:00-08:00,12162.25,12165.75,12162.0,12164.0
S08,2020-01-07T15:14:00+00:00,2020-01-07T10:14:00-05:00,2020-01-07T07:14:00-08:00,12163.75,12168.5,12163.5,12167.75
S08,2020-01-07T15:15:00+00:00,2020-01-07T10:15:00-05:00,2020-01-07T07:15:00-08:00,12167.5,12169.25,12166.0,12169.25
S08,2020-01-07T15:16:00+00:00,2020-01-07T10:16:00-05:00,2020-01-07T07:16:00-08:00,12169.25,12170.5,12163.0,12165.75
S08,2020-01-07T15:17:00+00:00,2020-01-07T10:17:00-05:00,2020-01-07T07:17:00-08:00,12165.75,12168.0,12164.25,12165.75
S08,2020-01-07T15:18:00+00:00,2020-01-07T10:18:00-05:00,2020-01-07T07:18:00-08:00,12165.75,12171.0,12165.75,12170.5
S08,2020-01-07T15:19:00+00:00,2020-01-07T10:19:00-05:00,2020-01-07T07:19:00-08:00,12170.5,12170.75,12167.0,12168.0
S08,2020-01-07T15:20:00+00:00,2020-01-07T10:20:00-05:00,2020-01-07T07:20:00-08:00,12168.0,12168.25,12164.5,12166.5
S08,2020-01-07T15:21:00+00:00,2020-01-07T10:21:00-05:00,2020-01-07T07:21:00-08:00,12166.75,12169.25,12165.0,12167.5
S08,2020-01-07T15:22:00+00:00,2020-01-07T10:22:00-05:00,2020-01-07T07:22:00-08:00,12167.5,12172.0,12166.5,12170.5
S08,2020-01-07T15:23:00+00:00,2020-01-07T10:23:00-05:00,2020-01-07T07:23:00-08:00,12170.25,12171.25,12167.5,12168.0
S08,2020-01-07T15:24:00+00:00,2020-01-07T10:24:00-05:00,2020-01-07T07:24:00-08:00,12167.5,12169.5,12164.5,12165.0
S08,2020-01-07T15:25:00+00:00,2020-01-07T10:25:00-05:00,2020-01-07T07:25:00-08:00,12164.75,12167.5,12161.75,12162.0
S08,2020-01-07T15:26:00+00:00,2020-01-07T10:26:00-05:00,2020-01-07T07:26:00-08:00,12162.0,12164.0,12154.25,12157.25
S08,2020-01-07T15:27:00+00:00,2020-01-07T10:27:00-05:00,2020-01-07T07:27:00-08:00,12157.25,12159.25,12155.5,12156.25
S08,2020-01-07T15:28:00+00:00,2020-01-07T10:28:00-05:00,2020-01-07T07:28:00-08:00,12156.25,12156.75,12152.25,12154.0
S08,2020-01-07T15:29:00+00:00,2020-01-07T10:29:00-05:00,2020-01-07T07:29:00-08:00,12153.75,12157.25,12151.75,12157.0
S08,2020-01-07T15:30:00+00:00,2020-01-07T10:30:00-05:00,2020-01-07T07:30:00-08:00,12157.0,12163.5,12156.0,12163.25
S08,2020-01-07T15:31:00+00:00,2020-01-07T10:31:00-05:00,2020-01-07T07:31:00-08:00,12163.0,12169.5,12161.0,12161.25
S08,2020-01-07T15:32:00+00:00,2020-01-07T10:32:00-05:00,2020-01-07T07:32:00-08:00,12161.25,12162.25,12145.75,12146.0
S08,2020-01-07T15:33:00+00:00,2020-01-07T10:33:00-05:00,2020-01-07T07:33:00-08:00,12146.25,12149.25,12139.75,12148.0
S08,2020-01-07T15:34:00+00:00,2020-01-07T10:34:00-05:00,2020-01-07T07:34:00-08:00,12148.0,12152.75,12145.5,12148.0
S08,2020-01-07T15:35:00+00:00,2020-01-07T10:35:00-05:00,2020-01-07T07:35:00-08:00,12147.75,12151.75,12145.5,12151.0
S08,2020-01-07T15:36:00+00:00,2020-01-07T10:36:00-05:00,2020-01-07T07:36:00-08:00,12151.25,12153.75,12147.5,12150.75
S08,2020-01-07T15:37:00+00:00,2020-01-07T10:37:00-05:00,2020-01-07T07:37:00-08:00,12150.5,12153.5,12149.25,12153.5
S08,2020-01-07T15:38:00+00:00,2020-01-07T10:38:00-05:00,2020-01-07T07:38:00-08:00,12153.5,12157.75,12153.0,12154.5
S08,2020-01-07T15:39:00+00:00,2020-01-07T10:39:00-05:00,2020-01-07T07:39:00-08:00,12154.75,12158.0,12153.0,12155.0
S08,2020-01-07T15:40:00+00:00,2020-01-07T10:40:00-05:00,2020-01-07T07:40:00-08:00,12155.25,12155.75,12151.75,12154.0
S08,2020-01-07T15:41:00+00:00,2020-01-07T10:41:00-05:00,2020-01-07T07:41:00-08:00,12153.75,12157.5,12151.75,12153.75
S08,2020-01-07T15:42:00+00:00,2020-01-07T10:42:00-05:00,2020-01-07T07:42:00-08:00,12153.75,12157.0,12151.75,12151.75
S08,2020-01-07T15:43:00+00:00,2020-01-07T10:43:00-05:00,2020-01-07T07:43:00-08:00,12151.75,12154.25,12151.25,12152.25
S08,2020-01-07T15:44:00+00:00,2020-01-07T10:44:00-05:00,2020-01-07T07:44:00-08:00,12152.25,12155.0,12151.5,12154.25
S08,2020-01-07T15:45:00+00:00,2020-01-07T10:45:00-05:00,2020-01-07T07:45:00-08:00,12154.5,12159.0,12154.5,12156.5
S08,2020-01-07T15:46:00+00:00,2020-01-07T10:46:00-05:00,2020-01-07T07:46:00-08:00,12156.5,12159.0,12155.5,12158.5
S08,2020-01-07T15:47:00+00:00,2020-01-07T10:47:00-05:00,2020-01-07T07:47:00-08:00,12158.75,12159.0,12156.5,12158.75
S08,2020-01-07T15:48:00+00:00,2020-01-07T10:48:00-05:00,2020-01-07T07:48:00-08:00,12159.0,12162.5,12157.75,12161.5
S08,2020-01-07T15:49:00+00:00,2020-01-07T10:49:00-05:00,2020-01-07T07:49:00-08:00,12161.25,12161.75,12158.5,12161.0
S08,2020-01-07T15:50:00+00:00,2020-01-07T10:50:00-05:00,2020-01-07T07:50:00-08:00,12161.0,12162.0,12158.75,12159.25
S08,2020-01-07T15:51:00+00:00,2020-01-07T10:51:00-05:00,2020-01-07T07:51:00-08:00,12159.25,12160.75,12156.5,12157.75
S08,2020-01-07T15:52:00+00:00,2020-01-07T10:52:00-05:00,2020-01-07T07:52:00-08:00,12158.0,12161.0,12155.5,12157.25
S08,2020-01-07T15:53:00+00:00,2020-01-07T10:53:00-05:00,2020-01-07T07:53:00-08:00,12157.5,12159.75,12156.5,12159.0
S08,2020-01-07T15:54:00+00:00,2020-01-07T10:54:00-05:00,2020-01-07T07:54:00-08:00,12159.0,12163.0,12158.5,12161.75
S08,2020-01-07T15:55:00+00:00,2020-01-07T10:55:00-05:00,2020-01-07T07:55:00-08:00,12161.75,12163.75,12161.25,12162.0
S08,2020-01-07T15:56:00+00:00,2020-01-07T10:56:00-05:00,2020-01-07T07:56:00-08:00,12162.0,12164.25,12160.25,12163.5
S08,2020-01-07T15:57:00+00:00,2020-01-07T10:57:00-05:00,2020-01-07T07:57:00-08:00,12163.25,12168.75,12163.25,12168.0
S08,2020-01-07T15:58:00+00:00,2020-01-07T10:58:00-05:00,2020-01-07T07:58:00-08:00,12168.0,12172.0,12166.75,12169.75
S08,2020-01-07T15:59:00+00:00,2020-01-07T10:59:00-05:00,2020-01-07T07:59:00-08:00,12170.0,12176.0,12168.25,12173.0
S09,2020-01-08T15:21:00+00:00,2020-01-08T10:21:00-05:00,2020-01-08T07:21:00-08:00,12187.75,12191.5,12186.75,12188.0
S09,2020-01-08T15:22:00+00:00,2020-01-08T10:22:00-05:00,2020-01-08T07:22:00-08:00,12188.25,12188.5,12182.25,12185.0
S09,2020-01-08T15:23:00+00:00,2020-01-08T10:23:00-05:00,2020-01-08T07:23:00-08:00,12185.0,12186.5,12183.25,12184.75
S09,2020-01-08T15:24:00+00:00,2020-01-08T10:24:00-05:00,2020-01-08T07:24:00-08:00,12185.0,12185.25,12182.25,12185.0
S09,2020-01-08T15:25:00+00:00,2020-01-08T10:25:00-05:00,2020-01-08T07:25:00-08:00,12185.0,12185.5,12181.0,12181.5
S09,2020-01-08T15:26:00+00:00,2020-01-08T10:26:00-05:00,2020-01-08T07:26:00-08:00,12181.75,12184.75,12181.75,12182.0
S09,2020-01-08T15:27:00+00:00,2020-01-08T10:27:00-05:00,2020-01-08T07:27:00-08:00,12181.75,12183.0,12178.5,12180.25
S09,2020-01-08T15:28:00+00:00,2020-01-08T10:28:00-05:00,2020-01-08T07:28:00-08:00,12180.75,12181.25,12178.0,12178.75
S09,2020-01-08T15:29:00+00:00,2020-01-08T10:29:00-05:00,2020-01-08T07:29:00-08:00,12178.5,12179.5,12177.25,12179.25
S09,2020-01-08T15:30:00+00:00,2020-01-08T10:30:00-05:00,2020-01-08T07:30:00-08:00,12179.25,12180.5,12178.25,12180.5
S09,2020-01-08T15:31:00+00:00,2020-01-08T10:31:00-05:00,2020-01-08T07:31:00-08:00,12180.5,12181.5,12176.25,12178.75
S09,2020-01-08T15:32:00+00:00,2020-01-08T10:32:00-05:00,2020-01-08T07:32:00-08:00,12178.75,12182.5,12177.0,12181.75
S09,2020-01-08T15:33:00+00:00,2020-01-08T10:33:00-05:00,2020-01-08T07:33:00-08:00,12182.0,12186.0,12180.75,12182.25
S09,2020-01-08T15:34:00+00:00,2020-01-08T10:34:00-05:00,2020-01-08T07:34:00-08:00,12182.25,12182.25,12176.75,12178.0
S09,2020-01-08T15:35:00+00:00,2020-01-08T10:35:00-05:00,2020-01-08T07:35:00-08:00,12178.5,12180.5,12176.5,12177.25
S09,2020-01-08T15:36:00+00:00,2020-01-08T10:36:00-05:00,2020-01-08T07:36:00-08:00,12177.25,12179.25,12174.5,12179.0
S09,2020-01-08T15:37:00+00:00,2020-01-08T10:37:00-05:00,2020-01-08T07:37:00-08:00,12179.0,12181.5,12178.5,12179.75
S09,2020-01-08T15:38:00+00:00,2020-01-08T10:38:00-05:00,2020-01-08T07:38:00-08:00,12179.75,12180.75,12177.75,12178.25
S09,2020-01-08T15:39:00+00:00,2020-01-08T10:39:00-05:00,2020-01-08T07:39:00-08:00,12178.0,12179.25,12174.5,12178.25
S09,2020-01-08T15:40:00+00:00,2020-01-08T10:40:00-05:00,2020-01-08T07:40:00-08:00,12178.5,12181.25,12178.5,12179.75
S09,2020-01-08T15:41:00+00:00,2020-01-08T10:41:00-05:00,2020-01-08T07:41:00-08:00,12179.75,12181.5,12177.25,12178.0
S09,2020-01-08T15:42:00+00:00,2020-01-08T10:42:00-05:00,2020-01-08T07:42:00-08:00,12177.75,12178.75,12175.5,12175.75
S09,2020-01-08T15:43:00+00:00,2020-01-08T10:43:00-05:00,2020-01-08T07:43:00-08:00,12175.75,12175.75,12173.0,12174.75
S09,2020-01-08T15:44:00+00:00,2020-01-08T10:44:00-05:00,2020-01-08T07:44:00-08:00,12174.5,12174.5,12171.75,12172.5
S09,2020-01-08T15:45:00+00:00,2020-01-08T10:45:00-05:00,2020-01-08T07:45:00-08:00,12172.25,12172.5,12169.5,12170.75
S09,2020-01-08T15:46:00+00:00,2020-01-08T10:46:00-05:00,2020-01-08T07:46:00-08:00,12171.0,12172.25,12169.0,12171.5
S09,2020-01-08T15:47:00+00:00,2020-01-08T10:47:00-05:00,2020-01-08T07:47:00-08:00,12171.25,12172.5,12170.0,12170.0
S09,2020-01-08T15:48:00+00:00,2020-01-08T10:48:00-05:00,2020-01-08T07:48:00-08:00,12170.0,12171.25,12169.0,12169.75
S09,2020-01-08T15:49:00+00:00,2020-01-08T10:49:00-05:00,2020-01-08T07:49:00-08:00,12169.75,12169.75,12157.75,12159.25
S09,2020-01-08T15:50:00+00:00,2020-01-08T10:50:00-05:00,2020-01-08T07:50:00-08:00,12159.5,12160.5,12153.0,12160.0
S10,2020-01-23T15:46:00+00:00,2020-01-23T10:46:00-05:00,2020-01-23T07:46:00-08:00,12499.0,12500.25,12495.5,12496.5
S10,2020-01-23T15:47:00+00:00,2020-01-23T10:47:00-05:00,2020-01-23T07:47:00-08:00,12496.75,12497.75,12494.0,12494.5
S10,2020-01-23T15:48:00+00:00,2020-01-23T10:48:00-05:00,2020-01-23T07:48:00-08:00,12494.75,12496.5,12488.25,12490.0
S10,2020-01-23T15:49:00+00:00,2020-01-23T10:49:00-05:00,2020-01-23T07:49:00-08:00,12489.75,12491.75,12487.5,12489.25
S10,2020-01-23T15:50:00+00:00,2020-01-23T10:50:00-05:00,2020-01-23T07:50:00-08:00,12489.5,12494.75,12489.0,12491.0
S10,2020-01-23T15:51:00+00:00,2020-01-23T10:51:00-05:00,2020-01-23T07:51:00-08:00,12491.25,12494.25,12490.25,12493.0
S10,2020-01-23T15:52:00+00:00,2020-01-23T10:52:00-05:00,2020-01-23T07:52:00-08:00,12493.0,12496.25,12493.0,12494.0
S10,2020-01-23T15:53:00+00:00,2020-01-23T10:53:00-05:00,2020-01-23T07:53:00-08:00,12494.25,12496.75,12494.25,12495.25
S10,2020-01-23T15:54:00+00:00,2020-01-23T10:54:00-05:00,2020-01-23T07:54:00-08:00,12495.75,12497.0,12492.25,12492.75
S10,2020-01-23T15:55:00+00:00,2020-01-23T10:55:00-05:00,2020-01-23T07:55:00-08:00,12492.75,12493.75,12486.5,12486.5
S10,2020-01-23T15:56:00+00:00,2020-01-23T10:56:00-05:00,2020-01-23T07:56:00-08:00,12486.5,12489.0,12483.25,12485.5
S10,2020-01-23T15:57:00+00:00,2020-01-23T10:57:00-05:00,2020-01-23T07:57:00-08:00,12485.75,12487.0,12484.0,12486.5
S10,2020-01-23T15:58:00+00:00,2020-01-23T10:58:00-05:00,2020-01-23T07:58:00-08:00,12486.5,12487.0,12485.5,12487.0
S10,2020-01-23T15:59:00+00:00,2020-01-23T10:59:00-05:00,2020-01-23T07:59:00-08:00,12486.75,12487.75,12483.75,12484.5
S10,2020-01-23T16:00:00+00:00,2020-01-23T11:00:00-05:00,2020-01-23T08:00:00-08:00,12484.25,12487.75,12482.0,12486.5
S10,2020-01-23T16:01:00+00:00,2020-01-23T11:01:00-05:00,2020-01-23T08:01:00-08:00,12486.5,12490.75,12483.5,12489.0
S10,2020-01-23T16:02:00+00:00,2020-01-23T11:02:00-05:00,2020-01-23T08:02:00-08:00,12489.0,12489.75,12478.75,12480.5
S10,2020-01-23T16:03:00+00:00,2020-01-23T11:03:00-05:00,2020-01-23T08:03:00-08:00,12480.5,12483.75,12478.75,12479.75
S10,2020-01-23T16:04:00+00:00,2020-01-23T11:04:00-05:00,2020-01-23T08:04:00-08:00,12479.75,12484.5,12479.25,12483.75
S10,2020-01-23T16:05:00+00:00,2020-01-23T11:05:00-05:00,2020-01-23T08:05:00-08:00,12483.5,12485.5,12482.75,12485.0
S10,2020-01-23T16:06:00+00:00,2020-01-23T11:06:00-05:00,2020-01-23T08:06:00-08:00,12485.0,12485.5,12480.5,12483.0
S10,2020-01-23T16:07:00+00:00,2020-01-23T11:07:00-05:00,2020-01-23T08:07:00-08:00,12483.25,12483.75,12479.5,12481.5
S10,2020-01-23T16:08:00+00:00,2020-01-23T11:08:00-05:00,2020-01-23T08:08:00-08:00,12481.5,12483.75,12480.5,12481.5
S10,2020-01-23T16:09:00+00:00,2020-01-23T11:09:00-05:00,2020-01-23T08:09:00-08:00,12481.25,12483.25,12480.25,12482.75
S10,2020-01-23T16:10:00+00:00,2020-01-23T11:10:00-05:00,2020-01-23T08:10:00-08:00,12483.0,12484.0,12479.0,12480.0
S10,2020-01-23T16:11:00+00:00,2020-01-23T11:11:00-05:00,2020-01-23T08:11:00-08:00,12480.0,12484.0,12478.25,12481.0
S10,2020-01-23T16:12:00+00:00,2020-01-23T11:12:00-05:00,2020-01-23T08:12:00-08:00,12481.0,12481.75,12474.75,12476.0
S10,2020-01-23T16:13:00+00:00,2020-01-23T11:13:00-05:00,2020-01-23T08:13:00-08:00,12476.25,12480.5,12474.5,12479.75
S10,2020-01-23T16:14:00+00:00,2020-01-23T11:14:00-05:00,2020-01-23T08:14:00-08:00,12479.5,12479.5,12476.0,12479.25
S10,2020-01-23T16:15:00+00:00,2020-01-23T11:15:00-05:00,2020-01-23T08:15:00-08:00,12479.25,12484.5,12478.5,12483.75
S10,2020-01-23T16:16:00+00:00,2020-01-23T11:16:00-05:00,2020-01-23T08:16:00-08:00,12483.75,12486.0,12483.25,12485.0
S10,2020-01-23T16:17:00+00:00,2020-01-23T11:17:00-05:00,2020-01-23T08:17:00-08:00,12485.0,12485.25,12480.75,12483.75
S10,2020-01-23T16:18:00+00:00,2020-01-23T11:18:00-05:00,2020-01-23T08:18:00-08:00,12483.75,12489.5,12483.25,12487.75
S10,2020-01-23T16:19:00+00:00,2020-01-23T11:19:00-05:00,2020-01-23T08:19:00-08:00,12487.5,12488.25,12482.25,12484.5
S10,2020-01-23T16:20:00+00:00,2020-01-23T11:20:00-05:00,2020-01-23T08:20:00-08:00,12484.75,12485.5,12483.0,12484.25
S10,2020-01-23T16:21:00+00:00,2020-01-23T11:21:00-05:00,2020-01-23T08:21:00-08:00,12484.25,12484.25,12481.0,12483.0
S10,2020-01-23T16:22:00+00:00,2020-01-23T11:22:00-05:00,2020-01-23T08:22:00-08:00,12482.75,12488.25,12482.75,12487.5
S10,2020-01-23T16:23:00+00:00,2020-01-23T11:23:00-05:00,2020-01-23T08:23:00-08:00,12487.75,12487.75,12484.5,12487.5
S10,2020-01-23T16:24:00+00:00,2020-01-23T11:24:00-05:00,2020-01-23T08:24:00-08:00,12487.25,12488.0,12483.25,12484.0
S10,2020-01-23T16:25:00+00:00,2020-01-23T11:25:00-05:00,2020-01-23T08:25:00-08:00,12483.75,12484.25,12479.75,12481.5
S10,2020-01-23T16:26:00+00:00,2020-01-23T11:26:00-05:00,2020-01-23T08:26:00-08:00,12481.5,12482.25,12477.25,12478.0
S10,2020-01-23T16:27:00+00:00,2020-01-23T11:27:00-05:00,2020-01-23T08:27:00-08:00,12477.75,12479.0,12473.5,12475.75
S10,2020-01-23T16:28:00+00:00,2020-01-23T11:28:00-05:00,2020-01-23T08:28:00-08:00,12476.0,12477.5,12473.0,12476.5
S10,2020-01-23T16:29:00+00:00,2020-01-23T11:29:00-05:00,2020-01-23T08:29:00-08:00,12476.5,12477.5,12474.5,12475.0
S10,2020-01-23T16:30:00+00:00,2020-01-23T11:30:00-05:00,2020-01-23T08:30:00-08:00,12475.25,12476.5,12473.5,12473.75
S10,2020-01-23T16:31:00+00:00,2020-01-23T11:31:00-05:00,2020-01-23T08:31:00-08:00,12474.0,12479.75,12472.75,12477.25
S10,2020-01-23T16:32:00+00:00,2020-01-23T11:32:00-05:00,2020-01-23T08:32:00-08:00,12477.25,12480.5,12476.75,12477.25
S10,2020-01-23T16:33:00+00:00,2020-01-23T11:33:00-05:00,2020-01-23T08:33:00-08:00,12477.25,12480.0,12474.5,12478.5
S10,2020-01-23T16:34:00+00:00,2020-01-23T11:34:00-05:00,2020-01-23T08:34:00-08:00,12478.5,12481.5,12476.75,12479.25
S10,2020-01-23T16:35:00+00:00,2020-01-23T11:35:00-05:00,2020-01-23T08:35:00-08:00,12479.25,12482.0,12478.75,12481.75
S10,2020-01-23T16:36:00+00:00,2020-01-23T11:36:00-05:00,2020-01-23T08:36:00-08:00,12482.0,12486.25,12481.75,12485.5
S10,2020-01-23T16:37:00+00:00,2020-01-23T11:37:00-05:00,2020-01-23T08:37:00-08:00,12486.0,12488.5,12485.5,12488.25
S10,2020-01-23T16:38:00+00:00,2020-01-23T11:38:00-05:00,2020-01-23T08:38:00-08:00,12488.25,12489.75,12487.5,12488.0
S10,2020-01-23T16:39:00+00:00,2020-01-23T11:39:00-05:00,2020-01-23T08:39:00-08:00,12487.75,12491.0,12487.25,12490.75
S10,2020-01-23T16:40:00+00:00,2020-01-23T11:40:00-05:00,2020-01-23T08:40:00-08:00,12490.75,12493.75,12490.25,12491.25
S10,2020-01-23T16:41:00+00:00,2020-01-23T11:41:00-05:00,2020-01-23T08:41:00-08:00,12491.25,12491.25,12489.25,12490.25
S10,2020-01-23T16:42:00+00:00,2020-01-23T11:42:00-05:00,2020-01-23T08:42:00-08:00,12490.25,12492.25,12489.75,12491.25
S10,2020-01-23T16:43:00+00:00,2020-01-23T11:43:00-05:00,2020-01-23T08:43:00-08:00,12491.25,12492.75,12490.5,12490.75
S10,2020-01-23T16:44:00+00:00,2020-01-23T11:44:00-05:00,2020-01-23T08:44:00-08:00,12490.75,12491.5,12485.5,12486.0
S10,2020-01-23T16:45:00+00:00,2020-01-23T11:45:00-05:00,2020-01-23T08:45:00-08:00,12486.0,12488.25,12484.75,12486.25
S10,2020-01-23T16:46:00+00:00,2020-01-23T11:46:00-05:00,2020-01-23T08:46:00-08:00,12486.25,12487.25,12484.75,12486.0
S10,2020-01-23T16:47:00+00:00,2020-01-23T11:47:00-05:00,2020-01-23T08:47:00-08:00,12486.25,12487.25,12481.25,12481.5
S10,2020-01-23T16:48:00+00:00,2020-01-23T11:48:00-05:00,2020-01-23T08:48:00-08:00,12481.5,12486.25,12481.25,12484.25
S10,2020-01-23T16:49:00+00:00,2020-01-23T11:49:00-05:00,2020-01-23T08:49:00-08:00,12484.5,12485.5,12481.0,12481.5
S10,2020-01-23T16:50:00+00:00,2020-01-23T11:50:00-05:00,2020-01-23T08:50:00-08:00,12481.5,12482.75,12480.25,12481.75
S10,2020-01-23T16:51:00+00:00,2020-01-23T11:51:00-05:00,2020-01-23T08:51:00-08:00,12482.0,12483.5,12480.25,12482.0
S10,2020-01-23T16:52:00+00:00,2020-01-23T11:52:00-05:00,2020-01-23T08:52:00-08:00,12481.75,12481.75,12475.5,12476.5
S10,2020-01-23T16:53:00+00:00,2020-01-23T11:53:00-05:00,2020-01-23T08:53:00-08:00,12476.25,12482.5,12475.75,12481.0
S10,2020-01-23T16:54:00+00:00,2020-01-23T11:54:00-05:00,2020-01-23T08:54:00-08:00,12481.25,12485.5,12481.25,12483.0
S10,2020-01-23T16:55:00+00:00,2020-01-23T11:55:00-05:00,2020-01-23T08:55:00-08:00,12483.0,12488.0,12482.0,12487.0
S10,2020-01-23T16:56:00+00:00,2020-01-23T11:56:00-05:00,2020-01-23T08:56:00-08:00,12487.0,12489.25,12485.25,12487.5
S10,2020-01-23T16:57:00+00:00,2020-01-23T11:57:00-05:00,2020-01-23T08:57:00-08:00,12488.0,12489.0,12486.0,12488.0
S10,2020-01-23T16:58:00+00:00,2020-01-23T11:58:00-05:00,2020-01-23T08:58:00-08:00,12488.25,12488.25,12484.5,12485.75
S10,2020-01-23T16:59:00+00:00,2020-01-23T11:59:00-05:00,2020-01-23T08:59:00-08:00,12485.5,12487.75,12485.0,12487.25
S10,2020-01-23T17:00:00+00:00,2020-01-23T12:00:00-05:00,2020-01-23T09:00:00-08:00,12487.25,12491.0,12487.25,12489.75
S11,2020-01-31T16:16:00+00:00,2020-01-31T11:16:00-05:00,2020-01-31T08:16:00-08:00,12341.5,12342.25,12317.5,12319.75
S11,2020-01-31T16:17:00+00:00,2020-01-31T11:17:00-05:00,2020-01-31T08:17:00-08:00,12319.5,12329.75,12314.25,12327.75
S11,2020-01-31T16:18:00+00:00,2020-01-31T11:18:00-05:00,2020-01-31T08:18:00-08:00,12327.75,12338.5,12325.25,12338.0
S11,2020-01-31T16:19:00+00:00,2020-01-31T11:19:00-05:00,2020-01-31T08:19:00-08:00,12337.75,12344.25,12335.5,12341.5
S11,2020-01-31T16:20:00+00:00,2020-01-31T11:20:00-05:00,2020-01-31T08:20:00-08:00,12341.5,12347.5,12340.5,12344.0
S11,2020-01-31T16:21:00+00:00,2020-01-31T11:21:00-05:00,2020-01-31T08:21:00-08:00,12344.0,12346.5,12339.0,12340.0
S11,2020-01-31T16:22:00+00:00,2020-01-31T11:22:00-05:00,2020-01-31T08:22:00-08:00,12340.25,12348.5,12339.5,12346.75
S11,2020-01-31T16:23:00+00:00,2020-01-31T11:23:00-05:00,2020-01-31T08:23:00-08:00,12347.25,12350.5,12343.25,12344.25
S11,2020-01-31T16:24:00+00:00,2020-01-31T11:24:00-05:00,2020-01-31T08:24:00-08:00,12344.0,12347.0,12340.25,12341.0
S11,2020-01-31T16:25:00+00:00,2020-01-31T11:25:00-05:00,2020-01-31T08:25:00-08:00,12340.75,12340.75,12334.5,12334.5
S11,2020-01-31T16:26:00+00:00,2020-01-31T11:26:00-05:00,2020-01-31T08:26:00-08:00,12334.25,12338.75,12328.5,12335.25
S11,2020-01-31T16:27:00+00:00,2020-01-31T11:27:00-05:00,2020-01-31T08:27:00-08:00,12335.25,12337.75,12331.5,12337.5
S11,2020-01-31T16:28:00+00:00,2020-01-31T11:28:00-05:00,2020-01-31T08:28:00-08:00,12337.25,12342.0,12335.0,12338.5
S11,2020-01-31T16:29:00+00:00,2020-01-31T11:29:00-05:00,2020-01-31T08:29:00-08:00,12338.75,12339.25,12325.0,12325.25
S11,2020-01-31T16:30:00+00:00,2020-01-31T11:30:00-05:00,2020-01-31T08:30:00-08:00,12325.25,12333.0,12324.75,12325.25
S11,2020-01-31T16:31:00+00:00,2020-01-31T11:31:00-05:00,2020-01-31T08:31:00-08:00,12325.0,12331.75,12324.75,12327.75
S11,2020-01-31T16:32:00+00:00,2020-01-31T11:32:00-05:00,2020-01-31T08:32:00-08:00,12328.0,12330.5,12324.0,12327.25
S11,2020-01-31T16:33:00+00:00,2020-01-31T11:33:00-05:00,2020-01-31T08:33:00-08:00,12327.25,12333.5,12325.0,12327.25
S11,2020-01-31T16:34:00+00:00,2020-01-31T11:34:00-05:00,2020-01-31T08:34:00-08:00,12327.0,12338.25,12325.5,12338.25
S11,2020-01-31T16:35:00+00:00,2020-01-31T11:35:00-05:00,2020-01-31T08:35:00-08:00,12338.25,12340.25,12332.5,12336.75
S11,2020-01-31T16:36:00+00:00,2020-01-31T11:36:00-05:00,2020-01-31T08:36:00-08:00,12336.75,12343.25,12335.5,12341.75
S11,2020-01-31T16:37:00+00:00,2020-01-31T11:37:00-05:00,2020-01-31T08:37:00-08:00,12342.0,12343.75,12337.0,12337.25
S11,2020-01-31T16:38:00+00:00,2020-01-31T11:38:00-05:00,2020-01-31T08:38:00-08:00,12337.25,12337.75,12328.0,12328.75
S11,2020-01-31T16:39:00+00:00,2020-01-31T11:39:00-05:00,2020-01-31T08:39:00-08:00,12328.5,12328.75,12317.5,12319.0
S11,2020-01-31T16:40:00+00:00,2020-01-31T11:40:00-05:00,2020-01-31T08:40:00-08:00,12318.75,12326.5,12309.25,12326.0
S12,2020-04-24T14:11:00+00:00,2020-04-24T10:11:00-04:00,2020-04-24T07:11:00-07:00,11905.75,11921.5,11905.25,11921.0
S12,2020-04-24T14:12:00+00:00,2020-04-24T10:12:00-04:00,2020-04-24T07:12:00-07:00,11921.25,11927.25,11920.25,11922.0
S12,2020-04-24T14:13:00+00:00,2020-04-24T10:13:00-04:00,2020-04-24T07:13:00-07:00,11921.75,11934.75,11920.75,11930.0
S12,2020-04-24T14:14:00+00:00,2020-04-24T10:14:00-04:00,2020-04-24T07:14:00-07:00,11930.0,11934.75,11924.0,11932.25
S12,2020-04-24T14:15:00+00:00,2020-04-24T10:15:00-04:00,2020-04-24T07:15:00-07:00,11932.5,11940.0,11929.5,11932.5
S12,2020-04-24T14:16:00+00:00,2020-04-24T10:16:00-04:00,2020-04-24T07:16:00-07:00,11933.5,11937.5,11926.5,11932.5
S12,2020-04-24T14:17:00+00:00,2020-04-24T10:17:00-04:00,2020-04-24T07:17:00-07:00,11932.5,11938.0,11924.25,11938.0
S12,2020-04-24T14:18:00+00:00,2020-04-24T10:18:00-04:00,2020-04-24T07:18:00-07:00,11938.0,11940.0,11931.5,11937.0
S12,2020-04-24T14:19:00+00:00,2020-04-24T10:19:00-04:00,2020-04-24T07:19:00-07:00,11936.75,11948.0,11933.5,11945.5
S12,2020-04-24T14:20:00+00:00,2020-04-24T10:20:00-04:00,2020-04-24T07:20:00-07:00,11945.5,11953.75,11943.75,11950.25
S12,2020-04-24T14:21:00+00:00,2020-04-24T10:21:00-04:00,2020-04-24T07:21:00-07:00,11950.0,11952.25,11944.75,11945.5
S12,2020-04-24T14:22:00+00:00,2020-04-24T10:22:00-04:00,2020-04-24T07:22:00-07:00,11945.5,11955.25,11942.25,11951.25
S12,2020-04-24T14:23:00+00:00,2020-04-24T10:23:00-04:00,2020-04-24T07:23:00-07:00,11951.0,11958.5,11949.0,11958.25
S12,2020-04-24T14:24:00+00:00,2020-04-24T10:24:00-04:00,2020-04-24T07:24:00-07:00,11958.5,11959.5,11950.0,11950.25
S12,2020-04-24T14:25:00+00:00,2020-04-24T10:25:00-04:00,2020-04-24T07:25:00-07:00,11950.5,11953.75,11946.0,11949.25
S12,2020-04-24T14:26:00+00:00,2020-04-24T10:26:00-04:00,2020-04-24T07:26:00-07:00,11949.0,11954.0,11941.0,11941.25
S12,2020-04-24T14:27:00+00:00,2020-04-24T10:27:00-04:00,2020-04-24T07:27:00-07:00,11942.0,11943.0,11936.75,11939.25
S12,2020-04-24T14:28:00+00:00,2020-04-24T10:28:00-04:00,2020-04-24T07:28:00-07:00,11939.0,11944.0,11935.0,11941.75
S12,2020-04-24T14:29:00+00:00,2020-04-24T10:29:00-04:00,2020-04-24T07:29:00-07:00,11941.75,11950.5,11939.5,11949.0
S12,2020-04-24T14:30:00+00:00,2020-04-24T10:30:00-04:00,2020-04-24T07:30:00-07:00,11949.25,11949.5,11939.25,11942.75
S12,2020-04-24T14:31:00+00:00,2020-04-24T10:31:00-04:00,2020-04-24T07:31:00-07:00,11942.5,11945.75,11935.0,11945.5
S12,2020-04-24T14:32:00+00:00,2020-04-24T10:32:00-04:00,2020-04-24T07:32:00-07:00,11945.25,11952.5,11940.75,11951.25
S12,2020-04-24T14:33:00+00:00,2020-04-24T10:33:00-04:00,2020-04-24T07:33:00-07:00,11951.0,11961.25,11946.25,11953.75
S12,2020-04-24T14:34:00+00:00,2020-04-24T10:34:00-04:00,2020-04-24T07:34:00-07:00,11953.5,11956.0,11951.75,11953.5
S12,2020-04-24T14:35:00+00:00,2020-04-24T10:35:00-04:00,2020-04-24T07:35:00-07:00,11953.75,11960.75,11953.25,11959.75
S12,2020-04-24T14:36:00+00:00,2020-04-24T10:36:00-04:00,2020-04-24T07:36:00-07:00,11959.5,11969.5,11954.75,11968.0
S12,2020-04-24T14:37:00+00:00,2020-04-24T10:37:00-04:00,2020-04-24T07:37:00-07:00,11967.5,11971.0,11963.75,11968.75
S12,2020-04-24T14:38:00+00:00,2020-04-24T10:38:00-04:00,2020-04-24T07:38:00-07:00,11968.5,11970.5,11964.0,11970.5
S12,2020-04-24T14:39:00+00:00,2020-04-24T10:39:00-04:00,2020-04-24T07:39:00-07:00,11970.0,11976.0,11970.0,11972.75
S12,2020-04-24T14:40:00+00:00,2020-04-24T10:40:00-04:00,2020-04-24T07:40:00-07:00,11973.0,11973.25,11968.5,11969.75
S12,2020-04-24T14:41:00+00:00,2020-04-24T10:41:00-04:00,2020-04-24T07:41:00-07:00,11969.5,11976.5,11967.25,11967.5
S12,2020-04-24T14:42:00+00:00,2020-04-24T10:42:00-04:00,2020-04-24T07:42:00-07:00,11967.5,11969.5,11962.75,11967.25
S12,2020-04-24T14:43:00+00:00,2020-04-24T10:43:00-04:00,2020-04-24T07:43:00-07:00,11966.75,11971.0,11963.0,11965.25
S12,2020-04-24T14:44:00+00:00,2020-04-24T10:44:00-04:00,2020-04-24T07:44:00-07:00,11964.75,11967.5,11959.5,11962.0
S12,2020-04-24T14:45:00+00:00,2020-04-24T10:45:00-04:00,2020-04-24T07:45:00-07:00,11962.25,11969.25,11960.5,11968.25
S12,2020-04-24T14:46:00+00:00,2020-04-24T10:46:00-04:00,2020-04-24T07:46:00-07:00,11968.75,11974.25,11965.5,11972.5
S12,2020-04-24T14:47:00+00:00,2020-04-24T10:47:00-04:00,2020-04-24T07:47:00-07:00,11972.0,11972.25,11961.75,11965.0
S12,2020-04-24T14:48:00+00:00,2020-04-24T10:48:00-04:00,2020-04-24T07:48:00-07:00,11965.25,11968.25,11961.75,11964.75
S12,2020-04-24T14:49:00+00:00,2020-04-24T10:49:00-04:00,2020-04-24T07:49:00-07:00,11964.25,11969.5,11961.0,11961.75
S12,2020-04-24T14:50:00+00:00,2020-04-24T10:50:00-04:00,2020-04-24T07:50:00-07:00,11962.5,11963.0,11953.5,11961.5
S12,2020-04-24T14:51:00+00:00,2020-04-24T10:51:00-04:00,2020-04-24T07:51:00-07:00,11962.0,11966.75,11957.5,11963.0
S12,2020-04-24T14:52:00+00:00,2020-04-24T10:52:00-04:00,2020-04-24T07:52:00-07:00,11963.0,11963.5,11957.0,11957.5
S12,2020-04-24T14:53:00+00:00,2020-04-24T10:53:00-04:00,2020-04-24T07:53:00-07:00,11958.25,11962.0,11957.0,11958.75
S12,2020-04-24T14:54:00+00:00,2020-04-24T10:54:00-04:00,2020-04-24T07:54:00-07:00,11958.75,11962.5,11955.0,11958.5
S12,2020-04-24T14:55:00+00:00,2020-04-24T10:55:00-04:00,2020-04-24T07:55:00-07:00,11958.75,11962.0,11950.25,11952.5
S12,2020-04-24T14:56:00+00:00,2020-04-24T10:56:00-04:00,2020-04-24T07:56:00-07:00,11952.5,11955.75,11944.75,11946.75
S12,2020-04-24T14:57:00+00:00,2020-04-24T10:57:00-04:00,2020-04-24T07:57:00-07:00,11947.25,11948.25,11942.75,11947.25
S12,2020-04-24T14:58:00+00:00,2020-04-24T10:58:00-04:00,2020-04-24T07:58:00-07:00,11947.25,11948.0,11942.75,11944.75
S12,2020-04-24T14:59:00+00:00,2020-04-24T10:59:00-04:00,2020-04-24T07:59:00-07:00,11945.0,11945.0,11938.0,11939.5
S12,2020-04-24T15:00:00+00:00,2020-04-24T11:00:00-04:00,2020-04-24T08:00:00-07:00,11939.75,11945.5,11938.25,11945.25
S12,2020-04-24T15:01:00+00:00,2020-04-24T11:01:00-04:00,2020-04-24T08:01:00-07:00,11945.0,11945.75,11938.25,11945.75
S12,2020-04-24T15:02:00+00:00,2020-04-24T11:02:00-04:00,2020-04-24T08:02:00-07:00,11945.25,11948.75,11940.5,11945.25
S12,2020-04-24T15:03:00+00:00,2020-04-24T11:03:00-04:00,2020-04-24T08:03:00-07:00,11945.25,11945.25,11931.25,11933.25
S12,2020-04-24T15:04:00+00:00,2020-04-24T11:04:00-04:00,2020-04-24T08:04:00-07:00,11933.75,11933.75,11924.25,11927.5
S12,2020-04-24T15:05:00+00:00,2020-04-24T11:05:00-04:00,2020-04-24T08:05:00-07:00,11927.75,11932.5,11927.25,11930.25
S12,2020-04-24T15:06:00+00:00,2020-04-24T11:06:00-04:00,2020-04-24T08:06:00-07:00,11929.25,11932.25,11924.25,11931.5
S12,2020-04-24T15:07:00+00:00,2020-04-24T11:07:00-04:00,2020-04-24T08:07:00-07:00,11931.25,11935.75,11931.0,11934.75
S12,2020-04-24T15:08:00+00:00,2020-04-24T11:08:00-04:00,2020-04-24T08:08:00-07:00,11934.25,11939.5,11933.75,11938.0
S12,2020-04-24T15:09:00+00:00,2020-04-24T11:09:00-04:00,2020-04-24T08:09:00-07:00,11938.0,11938.0,11933.25,11933.75
S12,2020-04-24T15:10:00+00:00,2020-04-24T11:10:00-04:00,2020-04-24T08:10:00-07:00,11933.75,11934.75,11929.25,11929.25
S12,2020-04-24T15:11:00+00:00,2020-04-24T11:11:00-04:00,2020-04-24T08:11:00-07:00,11929.5,11933.75,11923.5,11925.0
S12,2020-04-24T15:12:00+00:00,2020-04-24T11:12:00-04:00,2020-04-24T08:12:00-07:00,11924.75,11926.0,11916.25,11921.25
S12,2020-04-24T15:13:00+00:00,2020-04-24T11:13:00-04:00,2020-04-24T08:13:00-07:00,11921.5,11929.0,11920.25,11920.25
S12,2020-04-24T15:14:00+00:00,2020-04-24T11:14:00-04:00,2020-04-24T08:14:00-07:00,11920.0,11926.25,11918.25,11924.75
S12,2020-04-24T15:15:00+00:00,2020-04-24T11:15:00-04:00,2020-04-24T08:15:00-07:00,11924.75,11928.75,11922.75,11928.25
S12,2020-04-24T15:16:00+00:00,2020-04-24T11:16:00-04:00,2020-04-24T08:16:00-07:00,11928.5,11942.25,11927.25,11941.5
S12,2020-04-24T15:17:00+00:00,2020-04-24T11:17:00-04:00,2020-04-24T08:17:00-07:00,11941.25,11946.25,11939.0,11939.25
S12,2020-04-24T15:18:00+00:00,2020-04-24T11:18:00-04:00,2020-04-24T08:18:00-07:00,11939.25,11942.5,11935.5,11937.25
S12,2020-04-24T15:19:00+00:00,2020-04-24T11:19:00-04:00,2020-04-24T08:19:00-07:00,11937.0,11945.25,11934.75,11944.5
S12,2020-04-24T15:20:00+00:00,2020-04-24T11:20:00-04:00,2020-04-24T08:20:00-07:00,11944.25,11948.25,11943.0,11947.0
S12,2020-04-24T15:21:00+00:00,2020-04-24T11:21:00-04:00,2020-04-24T08:21:00-07:00,11947.25,11950.75,11944.25,11947.5
S12,2020-04-24T15:22:00+00:00,2020-04-24T11:22:00-04:00,2020-04-24T08:22:00-07:00,11946.75,11952.5,11946.5,11949.25
S12,2020-04-24T15:23:00+00:00,2020-04-24T11:23:00-04:00,2020-04-24T08:23:00-07:00,11949.0,11952.75,11946.0,11950.5
S12,2020-04-24T15:24:00+00:00,2020-04-24T11:24:00-04:00,2020-04-24T08:24:00-07:00,11950.25,11952.75,11949.0,11950.0
S12,2020-04-24T15:25:00+00:00,2020-04-24T11:25:00-04:00,2020-04-24T08:25:00-07:00,11950.5,11954.25,11949.75,11951.25
S12,2020-04-24T15:26:00+00:00,2020-04-24T11:26:00-04:00,2020-04-24T08:26:00-07:00,11951.0,11953.75,11946.0,11949.0
S12,2020-04-24T15:27:00+00:00,2020-04-24T11:27:00-04:00,2020-04-24T08:27:00-07:00,11948.5,11952.5,11947.0,11951.0
S12,2020-04-24T15:28:00+00:00,2020-04-24T11:28:00-04:00,2020-04-24T08:28:00-07:00,11951.75,11956.5,11948.5,11952.25
S12,2020-04-24T15:29:00+00:00,2020-04-24T11:29:00-04:00,2020-04-24T08:29:00-07:00,11952.0,11956.5,11951.5,11954.25
S12,2020-04-24T15:30:00+00:00,2020-04-24T11:30:00-04:00,2020-04-24T08:30:00-07:00,11954.0,11955.75,11940.5,11942.5
S12,2020-04-24T15:31:00+00:00,2020-04-24T11:31:00-04:00,2020-04-24T08:31:00-07:00,11942.75,11952.0,11941.75,11949.5
S12,2020-04-24T15:32:00+00:00,2020-04-24T11:32:00-04:00,2020-04-24T08:32:00-07:00,11949.5,11949.75,11939.75,11943.25
S12,2020-04-24T15:33:00+00:00,2020-04-24T11:33:00-04:00,2020-04-24T08:33:00-07:00,11943.5,11945.0,11929.5,11929.5
S12,2020-04-24T15:34:00+00:00,2020-04-24T11:34:00-04:00,2020-04-24T08:34:00-07:00,11930.25,11936.25,11925.5,11934.75
S12,2020-04-24T15:35:00+00:00,2020-04-24T11:35:00-04:00,2020-04-24T08:35:00-07:00,11934.75,11939.25,11934.0,11936.75
S12,2020-04-24T15:36:00+00:00,2020-04-24T11:36:00-04:00,2020-04-24T08:36:00-07:00,11937.25,11945.0,11936.0,11943.0
S12,2020-04-24T15:37:00+00:00,2020-04-24T11:37:00-04:00,2020-04-24T08:37:00-07:00,11943.5,11950.75,11943.0,11949.5
S12,2020-04-24T15:38:00+00:00,2020-04-24T11:38:00-04:00,2020-04-24T08:38:00-07:00,11948.75,11952.0,11948.25,11948.75
S12,2020-04-24T15:39:00+00:00,2020-04-24T11:39:00-04:00,2020-04-24T08:39:00-07:00,11948.75,11949.5,11944.25,11946.0
S12,2020-04-24T15:40:00+00:00,2020-04-24T11:40:00-04:00,2020-04-24T08:40:00-07:00,11946.0,11953.0,11943.5,11950.75
S12,2020-04-24T15:41:00+00:00,2020-04-24T11:41:00-04:00,2020-04-24T08:41:00-07:00,11951.0,11951.25,11943.5,11944.5
S12,2020-04-24T15:42:00+00:00,2020-04-24T11:42:00-04:00,2020-04-24T08:42:00-07:00,11944.5,11945.5,11939.5,11940.0
S12,2020-04-24T15:43:00+00:00,2020-04-24T11:43:00-04:00,2020-04-24T08:43:00-07:00,11940.0,11941.25,11937.0,11939.0
S12,2020-04-24T15:44:00+00:00,2020-04-24T11:44:00-04:00,2020-04-24T08:44:00-07:00,11939.0,11946.75,11938.75,11943.75
S12,2020-04-24T15:45:00+00:00,2020-04-24T11:45:00-04:00,2020-04-24T08:45:00-07:00,11943.75,11946.0,11938.5,11943.5
S12,2020-04-24T15:46:00+00:00,2020-04-24T11:46:00-04:00,2020-04-24T08:46:00-07:00,11943.5,11950.0,11939.25,11946.75
S12,2020-04-24T15:47:00+00:00,2020-04-24T11:47:00-04:00,2020-04-24T08:47:00-07:00,11946.75,11949.75,11945.25,11947.75
S12,2020-04-24T15:48:00+00:00,2020-04-24T11:48:00-04:00,2020-04-24T08:48:00-07:00,11947.75,11951.0,11943.25,11950.5
S12,2020-04-24T15:49:00+00:00,2020-04-24T11:49:00-04:00,2020-04-24T08:49:00-07:00,11950.25,11958.25,11950.25,11955.5
S12,2020-04-24T15:50:00+00:00,2020-04-24T11:50:00-04:00,2020-04-24T08:50:00-07:00,11955.25,11963.25,11954.75,11961.5
S12,2020-04-24T15:51:00+00:00,2020-04-24T11:51:00-04:00,2020-04-24T08:51:00-07:00,11961.5,11961.75,11957.5,11960.0
S12,2020-04-24T15:52:00+00:00,2020-04-24T11:52:00-04:00,2020-04-24T08:52:00-07:00,11959.5,11963.75,11958.0,11962.25
S12,2020-04-24T15:53:00+00:00,2020-04-24T11:53:00-04:00,2020-04-24T08:53:00-07:00,11962.5,11963.5,11959.0,11960.75
S12,2020-04-24T15:54:00+00:00,2020-04-24T11:54:00-04:00,2020-04-24T08:54:00-07:00,11960.5,11961.5,11957.0,11960.0
S12,2020-04-24T15:55:00+00:00,2020-04-24T11:55:00-04:00,2020-04-24T08:55:00-07:00,11959.75,11960.0,11955.25,11955.25
S12,2020-04-24T15:56:00+00:00,2020-04-24T11:56:00-04:00,2020-04-24T08:56:00-07:00,11955.25,11957.0,11952.0,11953.0
S12,2020-04-24T15:57:00+00:00,2020-04-24T11:57:00-04:00,2020-04-24T08:57:00-07:00,11953.5,11959.25,11949.5,11957.0
S12,2020-04-24T15:58:00+00:00,2020-04-24T11:58:00-04:00,2020-04-24T08:58:00-07:00,11957.25,11957.5,11952.25,11956.5
S12,2020-04-24T15:59:00+00:00,2020-04-24T11:59:00-04:00,2020-04-24T08:59:00-07:00,11956.5,11958.5,11950.5,11954.25
S12,2020-04-24T16:00:00+00:00,2020-04-24T12:00:00-04:00,2020-04-24T09:00:00-07:00,11954.0,11955.5,11953.0,11954.0
