dt,is_long,R,R_cost,year,maturity
2020-12-15 12:45:00-08:00,True,0.5,0.48348837209302326,2020,
2021-01-07 10:20:00-08:00,True,1.5,1.4739449541284404,2021,
2021-01-14 07:20:00-08:00,True,-1.0,-1.0170059880239521,2021,
2021-01-18 02:00:00-08:00,True,1.5,1.4368888888888889,2021,
2021-01-20 10:55:00-08:00,True,1.5,1.4905333333333333,2021,
2021-01-22 08:05:00-08:00,True,1.5,1.4887747035573122,2021,
2021-01-22 12:25:00-08:00,True,-1.0,-1.0202857142857142,2021,
2021-01-25 07:20:00-08:00,True,-1.0,-1.01302752293578,2021,
2021-02-04 05:50:00-08:00,True,-1.0,-1.0298947368421052,2021,1.9535801673523434
2021-02-08 17:50:00-08:00,True,-1.0,-1.0275728155339805,2021,2.996832474255395
2021-02-09 09:15:00-08:00,True,-1.0,-1.019189189189189,2021,3.0614733483884007
2021-02-11 08:25:00-08:00,True,-1.0,-1.0152688172043012,2021,2.8538300387662145
2021-02-12 11:50:00-08:00,True,1.5,1.477984496124031,2021,3.0368839458303722
2021-02-17 12:05:00-08:00,True,0.5,0.479568345323741,2021,3.1732674738595
2021-03-01 16:55:00-08:00,True,-1.0,-1.0498245614035087,2021,-0.7465881444397785
2021-03-09 05:40:00-08:00,True,1.5,1.4845652173913044,2021,-2.393215599699893
2021-09-20 19:45:00-07:00,True,1.5,1.481794871794872,2021,4.330079884850025
2021-09-24 11:35:00-07:00,True,0.5,0.49017301038062283,2021,4.269883182599144
2021-09-29 00:15:00-07:00,True,0.5,0.4802777777777778,2021,2.8469840681053404
2021-10-01 02:50:00-07:00,True,1.5,1.480810810810811,2021,1.6991020439539553
2021-10-12 01:25:00-07:00,True,0.5,0.49206703910614524,2021,1.151899545629866
2021-10-13 04:55:00-07:00,True,-1.0,-1.0223622047244094,2021,1.21549538122587
2021-10-13 11:15:00-07:00,True,1.5,1.4908974358974358,2021,1.21549538122587
2021-10-13 20:20:00-07:00,True,1.5,1.4501754385964913,2021,1.21549538122587
2021-10-24 23:15:00-07:00,True,0.5,0.4616216216216216,2021,2.9133662245984344
2021-10-25 06:15:00-07:00,True,1.5,1.4621333333333333,2021,3.1139704258938785
2021-10-28 10:35:00-07:00,True,-1.0,-1.0147916666666668,2021,3.2817347491862434
2021-11-01 15:25:00-07:00,True,1.5,1.4926424870466322,2021,3.8194978272125266
2021-11-02 09:50:00-07:00,True,-1.0,-1.018205128205128,2021,3.6911382199788685
2021-11-04 09:40:00-07:00,True,0.5,0.48903474903474903,2021,4.734827498717204
2021-11-11 17:45:00-08:00,True,-1.0,-1.0579591836734694,2021,3.509845700912323
2021-11-12 12:15:00-08:00,True,0.5,0.47486725663716817,2021,3.7062390395083384
2021-11-15 02:40:00-08:00,True,0.5,0.47486725663716817,2021,4.833104972767556
2021-11-16 15:40:00-08:00,True,-1.0,-1.048135593220339,2021,4.525339689066574
2021-11-17 04:00:00-08:00,True,-1.0,-1.0436923076923077,2021,5.019459074772997
2021-11-25 09:45:00-08:00,True,-1.0,-1.0465573770491803,2021,3.864490638094929
2021-11-29 12:35:00-08:00,True,-1.0,-1.0183225806451612,2021,2.339185934668179
2021-12-02 22:50:00-08:00,True,-1.0,-1.0056686626746507,2021,0.5138055106951118
2022-03-16 03:45:00-07:00,True,-1.0,-1.0164161849710982,2022,-4.619079422281961
2022-03-22 10:05:00-07:00,True,0.5,0.48786324786324786,2022,-3.2082021000891374
2022-03-28 03:05:00-07:00,True,1.5,1.4828915662650601,2022,-2.283074973085869
2022-03-28 08:15:00-07:00,True,-1.0,-1.0099649122807017,2022,-2.283074973085869
2022-03-28 16:30:00-07:00,True,-1.0,-1.0394444444444444,2022,-2.283074973085869
2022-03-29 04:50:00-07:00,True,1.5,1.485870646766169,2022,-1.2563139524922742
2022-04-01 01:05:00-07:00,True,-1.0,-1.0218461538461538,2022,-1.3622043768851377
2022-04-07 15:15:00-07:00,True,-1.0,-1.0251327433628319,2022,-2.2615855054605802
2022-04-18 07:05:00-07:00,True,-1.0,-1.0060554371002133,2022,-3.55166283251978
2022-04-27 18:05:00-07:00,True,-1.0,-1.0215151515151515,2022,-3.686242066126643
2022-04-28 02:25:00-07:00,True,-1.0,-1.0179746835443038,2022,-3.152506914260173
2022-05-04 01:30:00-07:00,True,-1.0,-1.0142,2022,-2.5949252637016267
2022-05-04 04:15:00-07:00,True,1.5,1.4474074074074075,2022,-2.5949252637016267
2022-05-12 09:45:00-07:00,True,-1.0,-1.0041703377386197,2022,-4.830570928766905
2022-05-12 18:50:00-07:00,True,1.5,1.4965947242206235,2022,-4.830570928766905
2022-05-17 06:05:00-07:00,True,-1.0,-1.012566371681416,2022,-3.6209869548012925
2022-05-26 15:15:00-07:00,True,-1.0,-1.0216793893129772,2022,-3.7728950458563895
2022-05-27 10:55:00-07:00,True,1.5,1.4767213114754099,2022,-2.526277331919243
2022-05-29 17:15:00-07:00,True,1.5,1.4897472924187725,2022,-1.2055636214584693
2022-05-30 01:05:00-07:00,True,-1.0,-1.0251327433628319,2022,-0.7936261186814987
2022-06-02 12:45:00-07:00,True,-1.0,-1.0075132275132275,2022,-1.1720935263816348
2022-06-05 17:50:00-07:00,True,1.5,1.4856565656565657,2022,-1.0059175718490665
2022-09-07 23:00:00-07:00,True,1.5,1.4684444444444444,2022,-0.5301533460101342
2022-09-08 11:35:00-07:00,True,-1.0,-1.012401746724891,2022,-1.080521497324995
2022-09-08 22:20:00-07:00,True,-1.0,-1.04,2022,-1.080521497324995
2022-09-09 11:15:00-07:00,True,0.5,0.49095541401273884,2022,-0.7649740139714036
2022-09-12 04:45:00-07:00,True,-1.0,-1.0236666666666667,2022,0.26807373990905137
2022-09-13 05:25:00-07:00,True,-1.0,-1.011639344262295,2022,0.9049184626165583
2022-09-19 10:25:00-07:00,True,0.5,0.49134146341463414,2022,-2.0490393209143636
2022-09-19 19:30:00-07:00,True,0.5,0.47295238095238096,2022,-2.0490393209143636
2022-09-21 07:30:00-07:00,True,0.5,0.4883127572016461,2022,-1.777311213588026
2022-09-25 15:25:00-07:00,True,0.5,0.4954920634920635,2022,-2.998172230402414
2022-10-03 03:50:00-07:00,True,1.5,1.4915476190476191,2022,-3.5569958812160474
2022-10-10 05:35:00-07:00,True,0.5,0.4848936170212766,2022,-3.115757007980222
2022-10-11 09:15:00-07:00,True,-1.0,-1.0043692307692307,2022,-3.517377810269506
2022-10-12 01:30:00-07:00,True,-1.0,-1.0118333333333334,2022,-3.3190623111363693
2022-10-16 18:50:00-07:00,True,1.5,1.480810810810811,2022,-3.5997310453449853
2022-10-17 12:45:00-07:00,True,1.5,1.4842222222222223,2022,-3.3826094642019506
2022-10-20 03:25:00-07:00,True,1.5,1.488502024291498,2022,-2.2260509491186387
2022-11-04 04:10:00-07:00,True,-1.0,-1.0221875,2022,-1.9454193581591879
2022-11-10 10:45:00-08:00,True,1.5,1.4882644628099173,2022,-1.3906852179446054
2022-11-15 04:20:00-08:00,True,1.5,1.4697872340425533,2022,1.9783035472616837
2022-11-17 19:35:00-08:00,True,-1.0,-1.0342168674698795,2022,1.795286036942302
2022-11-22 10:10:00-08:00,True,1.5,1.489034749034749,2022,1.1196893014342284
2022-11-22 11:25:00-08:00,True,1.5,1.4832941176470589,2022,1.1196893014342284
2022-12-01 11:50:00-08:00,True,-1.0,-1.014639175257732,2022,2.8013221138584066
2022-12-02 00:35:00-08:00,True,0.5,0.4645,2022,2.6231675443039624
2022-12-09 01:05:00-08:00,True,-1.0,-1.0359493670886075,2022,0.7748858838989693
2023-03-12 23:45:00-07:00,True,-1.0,-1.01986013986014,2023,0.11148904546118464
2023-03-15 10:55:00-07:00,True,1.5,1.493022113022113,2023,2.7429292353159216
2023-03-22 10:30:00-07:00,True,1.5,1.4791176470588234,2023,4.264146270695149
2023-03-23 02:15:00-07:00,True,-1.0,-1.0180891719745222,2023,3.7149825602940996
2023-03-30 04:45:00-07:00,True,0.5,0.48594059405940593,2023,4.066473703739897
2023-03-30 05:35:00-07:00,True,0.5,0.47345794392523366,2023,4.066473703739897
2023-03-31 12:55:00-07:00,True,-1.0,-1.0115447154471544,2023,4.401784651934054
2023-04-04 05:05:00-07:00,True,-1.0,-1.036883116883117,2023,4.8176343923872995
2023-04-24 07:25:00-07:00,True,-1.0,-1.0154347826086956,2023,2.052079286922907
2023-04-28 09:30:00-07:00,True,0.5,0.4905647840531561,2023,2.2713808049929196
2023-04-28 12:00:00-07:00,True,1.5,1.4763333333333333,2023,2.2713808049929196
2023-05-11 09:20:00-07:00,True,-1.0,-1.01986013986014,2023,1.986269091088389
2023-05-18 10:20:00-07:00,True,-1.0,-1.0156906077348067,2023,2.8553000162379045
2023-05-18 19:20:00-07:00,True,-1.0,-1.036883116883117,2023,2.8553000162379045
2023-05-21 19:45:00-07:00,True,0.5,0.43957446808510636,2023,3.705048383642984
2023-05-24 19:35:00-07:00,True,0.5,0.46311688311688315,2023,2.749210915079537
2023-05-26 02:25:00-07:00,True,0.5,0.482360248447205,2023,3.7625758165839973
2023-06-13 09:40:00-07:00,True,-1.0,-1.0156906077348067,2023,6.565591350907527
2023-06-14 16:20:00-07:00,True,-1.0,-1.071,2023,6.482537873827367
2023-06-28 18:20:00-07:00,True,-1.0,-1.0465573770491803,2023,3.815234676856133
2023-06-30 11:30:00-07:00,True,-1.0,-1.0267924528301886,2023,3.8211914387700614
2023-07-05 12:50:00-07:00,True,-1.0,-1.0110077519379845,2023,4.313314819605556
2023-07-07 08:40:00-07:00,True,0.5,0.4910410094637224,2023,3.411884492639294
2023-07-10 19:40:00-07:00,True,1.5,1.4563076923076923,2023,2.482703976782716
2023-07-13 02:55:00-07:00,True,0.5,0.47295238095238096,2023,3.99351226737183
2023-07-13 08:25:00-07:00,True,1.5,1.4857286432160803,2023,3.99351226737183
2023-07-13 18:45:00-07:00,True,0.5,0.4713131313131313,2023,3.99351226737183
2023-07-19 02:20:00-07:00,True,0.5,0.47394495412844034,2023,5.418960770656417
2023-07-28 08:00:00-07:00,True,-1.0,-1.0069099756690998,2023,2.1675535345573445
2023-08-01 12:35:00-07:00,True,-1.0,-1.027047619047619,2023,2.948886961106752
2023-08-14 12:15:00-07:00,True,1.5,1.4816774193548388,2023,-1.547128885142722
2023-08-14 18:50:00-07:00,True,-1.0,-1.0305376344086021,2023,-1.547128885142722
2023-08-22 02:25:00-07:00,True,-1.0,-1.0101428571428572,2023,-1.8018490514952727
2023-08-23 21:50:00-07:00,True,0.5,0.42717948717948717,2023,-1.6793567694313756
2023-08-28 20:00:00-07:00,True,1.5,1.4649382716049382,2023,-1.4974169872083525
2023-09-01 04:05:00-07:00,True,1.5,1.4694623655913979,2023,0.6870761358325911
2023-09-08 11:05:00-07:00,True,-1.0,-1.016608187134503,2023,-0.27759292100952937
2023-09-11 04:20:00-07:00,True,0.5,0.4750877192982456,2023,0.9121020998175355
2023-09-11 23:15:00-07:00,True,-1.0,-1.0378666666666667,2023,0.9121020998175355
2023-09-13 09:50:00-07:00,True,-1.0,-1.0143434343434343,2023,0.6314879876600822
2023-09-22 07:25:00-07:00,True,0.5,0.4897841726618705,2023,-1.913284992801817
2023-10-04 16:55:00-07:00,True,-1.0,-1.071,2023,-2.566214206092469
2023-10-26 18:10:00-07:00,True,0.5,0.4724271844660194,2023,-3.3285272883728934
2023-10-31 04:55:00-07:00,True,-1.0,-1.0350617283950618,2023,-2.9653390075253885
2023-11-01 10:45:00-07:00,True,0.5,0.48464864864864865,2023,-2.312888832699677
2023-11-02 07:40:00-07:00,True,0.5,0.49010452961672474,2023,-0.8998892264463995
2023-11-06 03:00:00-08:00,True,-1.0,-1.0289795918367346,2023,0.823592638364053
2023-11-13 01:20:00-08:00,True,-1.0,-1.0275728155339805,2023,2.6733962837605056
2023-11-13 04:20:00-08:00,True,-1.0,-1.0394444444444444,2023,2.6733962837605056
2023-11-16 16:55:00-08:00,True,-1.0,-1.045079365079365,2023,3.8965369126049283
2023-11-22 09:00:00-08:00,True,-1.0,-1.0120851063829788,2023,4.278977541728517
2023-12-07 03:20:00-08:00,True,1.5,1.4842222222222223,2023,2.371754053595185
2023-12-08 07:50:00-08:00,True,1.5,1.4943873517786561,2023,3.1898801436748894
2023-12-11 05:00:00-08:00,True,1.5,1.4798581560283688,2023,4.288281504068953
2023-12-12 10:00:00-08:00,True,1.5,1.4794202898550726,2023,5.12334815689061
2023-12-13 07:20:00-08:00,True,-1.0,-1.0193197278911565,2023,5.611360311667905
2023-12-15 03:50:00-08:00,True,-1.0,-1.0338095238095237,2023,5.907830496564025
2023-12-17 17:35:00-08:00,True,1.5,1.476910569105691,2023,5.957778319274973
2023-12-22 07:30:00-08:00,True,-1.0,-1.018562091503268,2023,5.6273537606824995
2024-01-08 04:50:00-08:00,True,1.5,1.4870319634703197,2024,0.6286845088574906
2024-01-09 12:05:00-08:00,True,-1.0,-1.0183225806451612,2024,2.169577396274527
2024-01-10 09:10:00-08:00,True,1.5,1.4770967741935483,2024,2.4309121427667137
2024-01-10 15:15:00-08:00,True,0.5,0.48924242424242426,2024,2.4309121427667137
2024-01-18 02:40:00-08:00,True,1.5,1.458840579710145,2024,1.812945068622468
2024-01-19 01:50:00-08:00,True,1.5,1.4880672268907562,2024,3.145554533882871
2024-01-25 04:30:00-08:00,True,1.5,1.4821383647798743,2024,0.7960728930156102
2024-01-25 08:50:00-08:00,True,-1.0,-1.011639344262295,2024,0.7960728930156102
2024-01-29 00:20:00-08:00,True,0.5,0.4776377952755905,2024,0.7768594829793769
2024-01-29 03:25:00-08:00,True,-1.0,-1.0436923076923077,2024,0.7768594829793769
2024-02-14 18:35:00-08:00,True,1.5,1.4640506329113925,2024,1.1127566319278113
2024-02-26 09:15:00-08:00,True,-1.0,-1.0137864077669902,2024,1.6550239889399492
2024-03-06 05:50:00-08:00,True,-1.0,-1.012566371681416,2024,1.2391883723771362
2024-03-07 06:55:00-08:00,True,0.5,0.4921978021978022,2024,0.9682614491057023
2024-03-07 23:35:00-08:00,True,1.5,1.4661904761904763,2024,0.9682614491057023
2024-03-11 20:00:00-07:00,True,1.5,1.4420408163265306,2024,1.7865890725879956
2024-03-25 10:15:00-07:00,True,0.5,0.4713131313131313,2024,2.228482718264879
2024-03-25 11:40:00-07:00,True,-1.0,-1.014869109947644,2024,2.228482718264879
2024-04-03 10:50:00-07:00,True,-1.0,-1.0129680365296803,2024,0.6893845375265762
2024-04-05 02:15:00-07:00,True,0.5,0.46808988764044945,2024,-0.12136388185767491
2024-04-15 02:05:00-07:00,True,-1.0,-1.0267924528301886,2024,0.18332545125772692
2024-04-16 08:25:00-07:00,True,-1.0,-1.0092508143322476,2024,-1.3173269518050854
2024-04-23 10:40:00-07:00,True,0.5,0.4804137931034483,2024,-2.7510131321498763
2024-04-23 22:45:00-07:00,True,-1.0,-1.0373684210526315,2024,-2.7510131321498763
2024-04-25 23:25:00-07:00,True,-1.0,-1.0315555555555556,2024,-2.2574727169479902
2024-05-14 10:30:00-07:00,True,1.5,1.4737037037037037,2024,0.8612229052332429
2024-05-15 17:55:00-07:00,True,-1.0,-1.0265420560747665,2024,1.3727565319771529
2024-05-24 09:55:00-07:00,True,-1.0,-1.022015503875969,2024,2.487912685496911
2024-06-10 12:05:00-07:00,True,-1.0,-1.0111372549019608,2024,3.5567181750893138
2024-06-12 10:05:00-07:00,True,-1.0,-1.0236666666666667,2024,4.464672507693988
2024-06-13 16:20:00-07:00,True,1.5,1.4665882352941177,2024,5.7882605879254045
2024-06-25 10:45:00-07:00,True,1.5,1.4907792207792208,2024,4.1080858079089095
2024-06-28 05:15:00-07:00,True,0.5,0.46055555555555555,2024,4.90809324138639
2024-07-01 05:55:00-07:00,True,-1.0,-1.0129680365296803,2024,4.0852051109971805
2024-07-02 12:55:00-07:00,True,0.5,0.4726923076923077,2024,3.786992267606757
2024-07-05 12:05:00-07:00,True,-1.0,-1.0267924528301886,2024,5.2376203153148495
2024-07-08 00:20:00-07:00,True,0.5,0.4691304347826087,2024,5.779210567044599
2024-07-10 07:05:00-07:00,True,-1.0,-1.0126222222222223,2024,6.023143143391905
2024-07-10 23:40:00-07:00,True,1.5,1.461095890410959,2024,6.023143143391905
2024-07-14 20:40:00-07:00,True,1.5,1.4669767441860464,2024,3.8844878903686455
2024-07-15 04:00:00-07:00,True,0.5,0.4677272727272727,2024,4.2077312803329185
2024-07-15 20:20:00-07:00,True,-1.0,-1.0244827586206897,2024,4.2077312803329185
2024-07-16 05:35:00-07:00,True,0.5,0.4750877192982456,2024,3.9878655162144785
2024-07-23 06:05:00-07:00,True,0.5,0.4872645739910314,2024,0.5472797484036642
2024-07-31 03:50:00-07:00,True,1.5,1.4781538461538462,2024,-2.0579456125594566
2024-08-08 09:55:00-07:00,True,0.5,0.4932219570405728,2024,-3.4440095656312626
2024-08-13 15:30:00-07:00,True,1.5,1.4665882352941177,2024,-2.08891251049008
2024-08-21 06:45:00-07:00,True,1.5,1.4701052631578948,2024,0.4291352010316924
2024-08-27 10:10:00-07:00,True,0.5,0.48672897196261683,2024,-0.028107706496415447
2024-08-28 01:30:00-07:00,True,0.5,0.4741818181818182,2024,0.09537922560859141
2024-08-29 05:20:00-07:00,True,1.5,1.4867289719626169,2024,-0.6865166091184493
2024-09-04 02:20:00-07:00,True,-1.0,-1.013719806763285,2024,-1.7649717530875983
2024-09-11 05:55:00-07:00,True,1.5,1.4838636363636364,2024,-1.320909009084917
2024-09-12 07:55:00-07:00,True,1.5,1.4951286449399657,2024,0.18363452943463462
2024-09-18 17:55:00-07:00,True,1.5,1.4922191780821918,2024,1.5039569528197894
2024-09-24 03:40:00-07:00,True,-1.0,-1.0244827586206897,2024,2.7729121365601634
2024-09-24 10:35:00-07:00,True,-1.0,-1.0184415584415585,2024,2.7729121365601634
2024-09-30 16:15:00-07:00,True,1.5,1.4734579439252335,2024,2.847620790865214
2024-10-08 01:20:00-07:00,True,1.5,1.4904377104377105,2024,1.21353845689066
2024-10-08 09:20:00-07:00,True,-1.0,-1.0322727272727272,2024,1.21353845689066
2024-10-10 20:45:00-07:00,True,-1.0,-1.0342168674698795,2024,2.612162261844957
2024-10-14 09:05:00-07:00,True,-1.0,-1.009311475409836,2024,2.7819479105534723
2024-10-14 20:35:00-07:00,True,-1.0,-1.0546153846153845,2024,2.7819479105534723
2024-10-18 05:15:00-07:00,True,0.5,0.48,2024,2.3796902176976062
2024-10-18 07:10:00-07:00,True,-1.0,-1.0085800604229607,2024,2.3796902176976062
2024-10-20 18:25:00-07:00,True,-1.0,-1.0319101123595507,2024,2.642963219620871
2024-10-21 12:50:00-07:00,True,0.5,0.48464864864864865,2024,2.493133260851142
2024-10-23 23:05:00-07:00,True,1.5,1.4770967741935483,2024,2.645971395175603
2024-10-29 11:20:00-07:00,True,1.5,1.4734579439252335,2024,2.3378899600168763
2024-11-05 05:30:00-08:00,True,-1.0,-1.0234710743801654,2024,-0.2942101040136807
2024-11-06 17:35:00-08:00,True,1.5,1.483391812865497,2024,1.6381595717693702
2024-11-07 11:50:00-08:00,True,-1.0,-1.0104411764705883,2024,2.3424402771636372
2024-11-14 03:45:00-08:00,True,-1.0,-1.041764705882353,2024,2.7345013866852814
2024-11-18 10:10:00-08:00,True,-1.0,-1.0042261904761904,2024,0.4862249672082069
2024-11-26 11:05:00-08:00,True,-1.0,-1.0190604026845638,2024,1.2044615330457444
2024-11-26 17:15:00-08:00,True,0.5,0.4661904761904762,2024,1.2044615330457444
2024-12-03 11:10:00-08:00,True,1.5,1.4843956043956044,2024,2.4447481835716625
2024-12-03 12:50:00-08:00,True,1.5,1.4843956043956044,2024,2.4447481835716625
2024-12-04 05:35:00-08:00,True,0.5,0.4716,2024,2.8946200394745705
2024-12-06 00:35:00-08:00,True,-1.0,-1.048135593220339,2024,3.382211658057728
2024-12-06 09:55:00-08:00,True,0.5,0.479568345323741,2024,3.382211658057728
2024-12-06 12:10:00-08:00,True,1.5,1.4770967741935483,2024,3.382211658057728
2024-12-19 04:05:00-08:00,True,1.5,1.4842222222222223,2024,1.7213065237176555
2024-12-24 05:25:00-08:00,True,1.5,1.4626315789473685,2024,1.9179099551393075
2025-01-03 08:20:00-08:00,True,1.5,1.4941322314049588,2025,-0.25423551831450675
2025-01-06 05:25:00-08:00,True,0.5,0.49215469613259666,2025,0.7219515801883288
2025-01-17 07:35:00-08:00,True,0.5,0.48886274509803923,2025,-0.4327351198950698
2025-01-19 22:00:00-08:00,True,1.5,1.4605555555555556,2025,0.45050704404389336
2025-01-21 04:40:00-08:00,True,-1.0,-1.0115447154471544,2025,0.5236374014063694
2025-01-23 08:30:00-08:00,True,0.5,0.4913149847094801,2025,1.286468540715896
2025-01-23 12:50:00-08:00,True,1.5,1.4776377952755906,2025,1.286468540715896
2025-01-28 10:50:00-08:00,True,-1.0,-1.0302127659574467,2025,-0.6077809844460752
2025-01-30 17:30:00-08:00,True,1.5,1.489442379182156,2025,0.24777092165000766
2025-01-30 22:05:00-08:00,True,1.5,1.4432,2025,0.24777092165000766
2025-02-04 10:25:00-08:00,True,-1.0,-1.0083775811209439,2025,-0.42760300018708075
2025-02-05 08:30:00-08:00,True,1.5,1.494215885947047,2025,-0.1400712818343836
2025-02-06 01:05:00-08:00,True,-1.0,-1.0156906077348067,2025,0.5837197814322423
2025-02-10 05:15:00-08:00,True,0.5,0.47530434782608694,2025,0.3618885648580434
2025-02-13 23:00:00-08:00,True,1.5,1.4501754385964913,2025,0.9018403134175967
2025-02-21 04:05:00-08:00,True,1.5,1.456969696969697,2025,1.8308401865466948
2025-02-23 19:25:00-08:00,True,-1.0,-1.071,2025,0.1852546399415087
2025-02-26 03:05:00-08:00,True,-1.0,-1.0265420560747665,2025,-0.9545153825245092
2025-02-28 03:25:00-08:00,True,-1.0,-1.0273076923076923,2025,-2.629804059426209
2025-02-28 09:20:00-08:00,True,-1.0,-1.006133909287257,2025,-2.629804059426209
2025-03-05 12:30:00-08:00,True,-1.0,-1.0075935828877005,2025,-2.38395257774634
2025-03-07 12:55:00-08:00,True,-1.0,-1.0081844380403457,2025,-3.081147777157007
2025-03-09 21:10:00-07:00,True,-1.0,-1.019189189189189,2025,-3.08881661058775
2025-03-14 12:05:00-07:00,True,1.5,1.4905333333333333,2025,-4.2834227276764745
2025-03-17 07:15:00-07:00,True,-1.0,-1.0056126482213439,2025,-3.416541039964972
2025-03-24 05:25:00-07:00,True,1.5,1.4848936170212765,2025,-2.1518073564536397
2025-03-25 12:35:00-07:00,True,0.5,0.4843093922651934,2025,-1.6311316051840787
2025-03-31 01:15:00-07:00,True,-1.0,-1.010035335689046,2025,-4.3374484644764575
2025-03-31 09:20:00-07:00,True,1.5,1.496027972027972,2025,-4.3374484644764575
2025-03-31 10:40:00-07:00,True,1.5,1.4878111587982832,2025,-4.3374484644764575
2025-03-31 12:35:00-07:00,True,0.5,0.49669767441860463,2025,-4.3374484644764575
2025-04-02 12:35:00-07:00,True,1.5,1.4945801526717557,2025,-3.0249827344883475
2025-04-07 18:40:00-07:00,True,1.5,1.495576323987539,2025,-7.00210772086848
2025-04-25 12:25:00-07:00,True,-1.0,-1.0050444049733571,2025,0.09835023652620309
2025-04-28 16:05:00-07:00,True,1.5,1.4838636363636364,2025,0.24803524428495963
2025-04-30 23:35:00-07:00,True,-1.0,-1.0211940298507463,2025,0.4441766119533381
2025-05-14 08:25:00-07:00,True,-1.0,-1.0079108635097493,2025,3.975220573621887
2025-05-14 11:20:00-07:00,True,-1.0,-1.0077173913043478,2025,3.975220573621887
2025-05-16 04:05:00-07:00,True,0.5,0.4645,2025,4.164996689155539
2025-05-22 01:05:00-07:00,True,-1.0,-1.01551912568306,2025,4.07983063111702
2025-05-25 18:15:00-07:00,True,1.5,1.48013986013986,2025,3.5307353022577876
2025-05-26 04:35:00-07:00,True,0.5,0.4778125,2025,4.286704496329832
2025-05-26 05:35:00-07:00,True,-1.0,-1.0223622047244094,2025,4.286704496329832
2025-05-27 18:10:00-07:00,True,-1.0,-1.0255855855855855,2025,4.31968279096812
2025-05-30 04:05:00-07:00,True,-1.0,-1.0164161849710982,2025,3.9374969942835745
2025-06-02 08:15:00-07:00,True,1.5,1.4956969696969697,2025,3.4429333963326108
2025-06-03 12:30:00-07:00,True,0.5,0.4910410094637224,2025,3.80002798935566
2025-06-06 02:15:00-07:00,True,1.5,1.4774603174603174,2025,3.793184458796003
2025-06-06 11:55:00-07:00,True,-1.0,-1.0056573705179284,2025,3.793184458796003
2025-06-12 10:35:00-07:00,True,-1.0,-1.0142713567839197,2025,3.8063965964822963
2025-06-12 12:20:00-07:00,True,-1.0,-1.0143434343434343,2025,3.8063965964822963
2025-06-13 05:20:00-07:00,True,-1.0,-1.0168047337278106,2025,2.778828071273129
2025-06-15 19:10:00-07:00,True,1.5,1.4770967741935483,2025,2.7578935794354362
2025-06-17 09:35:00-07:00,True,-1.0,-1.0154347826086956,2025,3.5967390342712156
2025-06-20 04:35:00-07:00,True,1.5,1.48225,2025,2.6219429965980763
2025-06-25 19:55:00-07:00,True,1.5,1.4635897435897436,2025,3.4347676173206176
2025-06-26 04:55:00-07:00,True,-1.0,-1.0359493670886075,2025,3.756127589562736
2025-07-02 18:25:00-07:00,True,-1.0,-1.0326436781609196,2025,4.049790617235032
2025-07-02 20:05:00-07:00,True,1.5,1.470721649484536,2025,4.049790617235032
2025-07-09 05:10:00-07:00,True,1.5,1.4713131313131314,2025,3.9742585886412676
2025-07-11 11:35:00-07:00,True,-1.0,-1.013921568627451,2025,3.967090736581525
2025-07-14 05:15:00-07:00,True,1.5,1.476910569105691,2025,3.469231844870169
2025-07-23 01:45:00-07:00,True,-1.0,-1.0258181818181817,2025,3.989943326872152
2025-07-24 17:50:00-07:00,True,0.5,0.47215686274509805,2025,4.148128492687746
2025-08-04 16:10:00-07:00,True,-1.0,-1.0355,2025,1.0277599742752115
2025-08-05 05:15:00-07:00,True,-1.0,-1.017530864197531,2025,2.2936861325306284
2025-08-06 15:20:00-07:00,True,1.5,1.4806802721088435,2025,1.4665768346616108
2025-08-07 07:00:00-07:00,True,-1.0,-1.0088473520249222,2025,2.265907952769748
2025-08-08 12:20:00-07:00,True,-1.0,-1.0236666666666667,2025,2.3484121550615713
2025-08-12 12:55:00-07:00,True,1.5,1.48225,2025,2.5495012784876216
2025-08-20 15:25:00-07:00,True,-1.0,-1.0258181818181817,2025,0.5417485769353517
2025-08-21 01:05:00-07:00,True,-1.0,-1.0213533834586466,2025,0.3187675023931137
2025-09-04 01:10:00-07:00,True,-1.0,-1.0139901477832511,2025,0.11002330829148102
2025-09-04 10:05:00-07:00,True,1.5,1.487598253275109,2025,0.11002330829148102
2025-09-05 01:15:00-07:00,True,0.5,0.47215686274509805,2025,1.2393927970575755
2025-09-11 11:00:00-07:00,True,-1.0,-1.0174233128834356,2025,1.529778687510267
2025-09-12 10:15:00-07:00,True,0.5,0.4798581560283688,2025,1.8978007562248898
2025-09-15 05:45:00-07:00,True,1.5,1.4724271844660195,2025,3.2208154208066966
2025-09-15 16:20:00-07:00,True,1.5,1.4605555555555556,2025,3.2208154208066966
2025-09-16 03:55:00-07:00,True,-1.0,-1.0458064516129033,2025,3.875159378690194
2025-09-18 05:20:00-07:00,True,-1.0,-1.0273076923076923,2025,3.7462645746647825
2025-09-19 06:45:00-07:00,True,0.5,0.4797142857142857,2025,3.875421666447245
2025-09-22 16:05:00-07:00,True,0.5,0.4510344827586207,2025,4.493369396979072
2025-09-22 23:50:00-07:00,True,-1.0,-1.041159420289855,2025,4.493369396979072
2025-09-29 03:50:00-07:00,True,-1.0,-1.0234710743801654,2025,3.8573373821942623
2025-09-29 07:25:00-07:00,True,-1.0,-1.0058677685950412,2025,3.8573373821942623
2025-10-01 07:05:00-07:00,True,1.5,1.4907491856677524,2025,2.8086984549454947
2025-10-01 12:30:00-07:00,True,1.5,1.4884552845528456,2025,2.8086984549454947
2025-10-05 18:30:00-07:00,True,1.5,1.455625,2025,3.5871432497979274
2025-10-10 07:00:00-07:00,True,-1.0,-1.01109375,2025,4.379699015571186
2025-10-14 11:50:00-07:00,True,-1.0,-1.0232786885245901,2025,1.2367910070451034
2025-10-19 22:45:00-07:00,True,-1.0,-1.0260550458715596,2025,1.6697796268485887
2025-10-21 23:40:00-07:00,True,-1.0,-1.0205797101449274,2025,2.2091746069984715
2025-10-23 21:15:00-07:00,True,0.5,0.47551724137931034,2025,1.5989598924997057
2025-10-24 09:50:00-07:00,True,-1.0,-1.014129353233831,2025,2.158268489847936
2025-10-29 01:20:00-07:00,True,-1.0,-1.014869109947644,2025,4.362803822624557
2025-10-30 17:15:00-07:00,True,1.5,1.4757264957264957,2025,4.0522367485719855
2025-11-05 08:25:00-08:00,True,0.5,0.49279187817258885,2025,1.1785229805341777
2025-11-09 21:45:00-08:00,True,1.5,1.4755172413793103,2025,0.21761929877521782
2025-11-12 23:25:00-08:00,True,-1.0,-1.0208823529411766,2025,1.4561177331746273
2025-11-19 23:20:00-08:00,True,-1.0,-1.0117355371900827,2025,-1.44529751415997
2025-11-24 12:55:00-08:00,True,-1.0,-1.0079775280898877,2025,-1.408937073655731
2025-11-28 07:50:00-08:00,True,1.5,1.4900350877192983,2025,0.17501028437156835
2025-12-01 02:45:00-08:00,True,-1.0,-1.0123478260869565,2025,0.009122179994577184
2025-12-02 05:00:00-08:00,True,1.5,1.48890625,2025,0.1774838838541436
2025-12-02 10:55:00-08:00,True,0.5,0.49224043715846993,2025,0.1774838838541436
2025-12-04 21:40:00-08:00,True,0.5,0.4657831325301205,2025,0.8434595600259298
2025-12-07 21:15:00-08:00,True,-1.0,-1.0350617283950618,2025,1.0392114549985312
2025-12-09 10:55:00-08:00,True,-1.0,-1.0161363636363636,2025,0.8662651468511753
2025-12-09 22:05:00-08:00,True,1.5,1.4645,2025,0.8662651468511753
2025-12-18 03:50:00-08:00,True,-1.0,-1.022015503875969,2025,-1.0449333024399745
2025-12-21 20:50:00-08:00,True,-1.0,-1.0394444444444444,2025,0.3804760685196086
2025-12-23 12:55:00-08:00,True,1.5,1.4880672268907562,2025,0.6425531300954266
2025-12-24 07:05:00-08:00,True,1.5,1.4786466165413534,2025,1.0255234790939773
2025-12-26 06:15:00-08:00,True,-1.0,-1.0350617283950618,2025,1.4183417633176505
2025-12-30 10:30:00-08:00,True,-1.0,-1.02272,2025,1.0846907643063568
2026-01-04 18:50:00-08:00,True,0.5,0.4724271844660194,2026,-0.023708568073570177
2026-01-07 04:45:00-08:00,True,1.5,1.4827878787878788,2026,1.2853847381159011
2026-01-12 09:45:00-08:00,True,0.5,0.4817948717948718,2026,1.0190425789888156
2026-01-15 08:05:00-08:00,True,-1.0,-1.0095622895622895,2026,0.6345546593548381
2026-01-20 08:30:00-08:00,True,-1.0,-1.0076344086021505,2026,-1.120837785234091
2026-01-29 16:05:00-08:00,True,-1.0,-1.0065588914549655,2026,1.920203205808618
2026-02-02 17:45:00-08:00,True,-1.0,-1.022015503875969,2026,-0.8477756921644943
2026-02-09 11:05:00-08:00,True,-1.0,-1.0083529411764707,2026,-0.9539158602918605
2026-02-12 02:05:00-08:00,True,-1.0,-1.015187165775401,2026,-0.5602486755056517
2026-02-19 22:55:00-08:00,True,-1.0,-1.0126785714285713,2026,-1.1470548907604616
2026-02-23 17:45:00-08:00,True,0.5,0.4798581560283688,2026,-1.3619692513805666
2026-02-24 15:35:00-08:00,True,1.5,1.4820253164556962,2026,-1.4823880028821197
2026-03-04 05:05:00-08:00,True,0.5,0.4940956340956341,2026,-1.5867581757580878
2026-03-04 10:30:00-08:00,True,-1.0,-1.0102898550724637,2026,-1.5867581757580878
2026-03-04 11:40:00-08:00,True,-1.0,-1.0107169811320755,2026,-1.5867581757580878
2026-03-04 15:45:00-08:00,True,0.5,0.4869724770642202,2026,-1.5867581757580878
2026-03-09 02:15:00-07:00,True,0.5,0.49382608695652175,2026,-2.177882067394362
2026-03-09 22:35:00-07:00,True,1.5,1.4926424870466322,2026,-2.177882067394362
2026-03-15 20:20:00-07:00,True,1.5,1.4776377952755906,2026,-1.7160401286427105
2026-03-17 10:40:00-07:00,True,1.5,1.492,2026,-0.7845144475122846
2026-03-17 12:55:00-07:00,True,1.5,1.4850526315789474,2026,-0.7845144475122846
2026-03-24 17:35:00-07:00,True,-1.0,-1.0081844380403457,2026,-1.2137553686679785
2026-03-25 05:00:00-07:00,True,-1.0,-1.010179211469534,2026,-1.1763646915859634
2026-03-30 22:50:00-07:00,True,0.5,0.492680412371134,2026,-2.809793440537982
2026-04-02 10:15:00-07:00,True,0.5,0.4928643216080402,2026,-1.588635153378004
2026-04-05 21:05:00-07:00,True,0.5,0.49386609071274296,2026,-0.968694335531301
2026-04-12 21:55:00-07:00,True,1.5,1.4783206106870228,2026,1.486780209404337
2026-04-14 17:10:00-07:00,True,0.5,0.4750877192982456,2026,1.951462601025855
2026-04-14 20:50:00-07:00,True,0.5,0.4783206106870229,2026,1.951462601025855
2026-04-16 10:45:00-07:00,True,-1.0,-1.0096928327645052,2026,3.626823058074446
2026-04-20 05:20:00-07:00,True,1.5,1.4835838150289018,2026,4.08759583446833
2026-04-22 03:35:00-07:00,True,1.5,1.4891603053435114,2026,4.43823328128447
2026-04-22 15:20:00-07:00,True,-1.0,-1.0059414225941423,2026,4.43823328128447
2026-04-24 07:45:00-07:00,True,1.5,1.4943086172344688,2026,4.828183071571393
2026-04-24 12:55:00-07:00,True,-1.0,-1.0120338983050847,2026,4.828183071571393
2026-04-28 19:10:00-07:00,True,-1.0,-1.0091612903225806,2026,5.55502274252198
2026-04-28 23:05:00-07:00,True,-1.0,-1.018205128205128,2026,5.55502274252198
2026-05-06 23:25:00-07:00,True,0.5,0.47320754716981134,2026,6.9864306596896215
2026-05-08 12:40:00-07:00,True,0.5,0.4870909090909091,2026,7.738699885804107
2026-05-20 11:05:00-07:00,True,-1.0,-1.0063820224719102,2026,5.553134590523974
2026-05-22 00:25:00-07:00,True,0.5,0.4848128342245989,2026,6.255292043374025
2026-05-26 11:05:00-07:00,True,1.5,1.4876521739130435,2026,6.349597526542236
2026-06-02 12:05:00-07:00,True,0.5,0.48826446280991737,2026,6.2654981196244295
2026-06-03 04:55:00-07:00,True,-1.0,-1.0110505836575876,2026,6.4798331266861595
2026-06-07 19:30:00-07:00,True,-1.0,-1.0047254575707154,2026,0.9456823515244072
2026-06-07 20:25:00-07:00,True,-1.0,-1.0062144420131292,2026,0.9456823515244072
2026-06-08 04:10:00-07:00,True,1.5,1.4925263157894737,2026,1.3447450057802692
2026-06-14 23:25:00-07:00,True,0.5,0.4848128342245989,2026,1.827564477160906
2026-06-15 06:15:00-07:00,True,1.5,1.48911877394636,2026,2.6318998356470074
2026-06-24 20:20:00-07:00,True,1.5,1.493022113022113,2026,0.6534381730280713
2026-06-30 16:35:00-07:00,True,-1.0,-1.0153513513513515,2026,0.7243857960059331
2026-07-03 08:20:00-07:00,True,-1.0,-1.0202857142857142,2026,0.08387592342123336
2026-07-06 03:15:00-07:00,True,0.5,0.48660377358490564,2026,0.030630690800734797
2026-07-06 07:10:00-07:00,True,-1.0,-1.00324942791762,2026,0.030630690800734797
2026-07-08 12:55:00-07:00,True,0.5,0.4937855579868709,2026,-0.8550357938729942
2026-07-09 16:20:00-07:00,True,-1.0,-1.0158659217877095,2026,-0.38468690760290125
2026-07-10 05:40:00-07:00,True,0.5,0.4919546742209632,2026,-0.05864192972691501
2026-07-21 03:50:00-07:00,True,-1.0,-1.023089430894309,2026,-1.2632030936445513
2026-07-21 08:10:00-07:00,True,-1.0,-1.0033490566037735,2026,-1.2632030936445513
2026-07-28 05:45:00-07:00,True,-1.0,-1.0043226788432267,2026,-3.075616025978749
2026-07-30 09:05:00-07:00,True,1.5,1.4954414125200641,2026,-3.623857091010558
2026-08-05 05:15:00-07:00,True,0.5,0.49188571428571426,2026,0.7428560565635844
2026-08-09 22:55:00-07:00,True,-1.0,-1.0110505836575876,2026,0.5314022970063832
2026-08-10 01:55:00-07:00,True,-1.0,-1.0286868686868686,2026,0.6684793158742763
2026-08-11 21:50:00-07:00,True,-1.0,-1.0238655462184874,2026,0.4276193589868391
2026-08-12 05:25:00-07:00,True,0.5,0.4880672268907563,2026,0.43736017740463173
2026-08-16 22:35:00-07:00,True,1.5,1.4716,2026,1.3576528717189489
2026-08-19 17:40:00-07:00,True,-1.0,-1.0089308176100629,2026,0.28653767007073466
2026-08-20 22:05:00-07:00,True,1.5,1.4858,2026,0.5379921903735296
